0.005,0.25,-0.09,-0.05
0.006,0.24,-0.09,-0.04
0.015,0.22,-0.08,-0.03
0.017,0.18,-0.08,-0.01
0.041,0.12,-0.09,0.01
0.042,0.06,-0.06,0.02
0.043,0.02,-0.03,0.03
0.045,-0.02,0,0.05
0.046,-0.06,0.05,0.07
0.047,-0.09,0.08,0.09
0.053,-0.13,0.11,0.1
0.07,-0.14,0.13,0.11
0.072,-0.15,0.15,0.12
0.073,-0.15,0.16,0.13
0.074,-0.15,0.15,0.13
0.076,-0.14,0.12,0.13
0.094,-0.13,0.08,0.12
0.096,-0.12,0.05,0.12
0.097,-0.1,0.02,0.11
0.098,-0.09,0.01,0.1
0.099,-0.06,0.01,0.09
0.113,-0.04,0.02,0.08
0.114,0,0.04,0.06
0.115,0.03,0.05,0.05
0.119,0.06,0.06,0.03
0.125,0.09,0.04,0.02
0.128,0.1,0.02,0.01
0.133,0.11,-0.02,0
0.151,0.11,-0.06,-0.01
0.152,0.12,-0.11,-0.02
0.154,0.11,-0.14,-0.03
0.155,0.11,-0.13,-0.04
0.166,0.11,-0.1,-0.03
0.167,0.11,-0.05,-0.02
0.168,0.1,-0.01,-0.02
0.191,0.09,0.03,-0.01
0.192,0.09,0.05,-0.01
0.193,0.06,0.04,0
0.195,0.04,0.04,0.01
0.196,0.01,0.03,0.01
0.197,-0.02,0.02,0.02
0.202,-0.05,0.02,0.02
0.216,-0.06,0.02,0.02
0.217,-0.07,0.02,0.02
0.218,-0.07,0.03,0.02
0.226,-0.08,0.04,0.01
0.227,-0.09,0.04,0.01
0.231,-0.1,0.05,0.02
0.237,-0.1,0.05,0.02
0.247,-0.11,0.05,0.02
0.248,-0.1,0.05,0.01
0.251,-0.1,0.05,0.01
0.262,-0.09,0.04,0.01
0.263,-0.09,0.02,0.01
0.265,-0.07,0,0.01
0.285,-0.05,-0.02,0.01
0.286,-0.04,-0.03,0.01
0.288,-0.03,-0.04,0
0.289,-0.02,-0.04,0
0.29,-0.01,-0.04,0
0.296,-0.01,-0.03,0
0.301,-0.01,-0.02,0
0.317,-0.02,-0.02,-0.01
0.318,-0.03,-0.01,-0.01
0.32,-0.03,0,-0.01
0.321,-0.04,0,-0.01
0.349,-0.05,0.01,-0.01
0.35,-0.06,0.02,-0.01
0.351,-0.07,0.02,-0.02
0.353,-0.08,0.02,-0.02
0.354,-0.09,0.02,-0.03
0.356,-0.09,0.02,-0.02
0.357,-0.09,0.01,-0.03
0.366,-0.09,-0.01,-0.03
0.367,-0.09,-0.02,-0.03
0.369,-0.09,-0.03,-0.03
0.383,-0.09,-0.02,-0.02
0.384,-0.1,-0.01,-0.02
0.385,-0.1,0,-0.01
0.393,-0.1,0.02,-0.01
0.394,-0.1,0.02,-0.01
0.399,-0.1,0.03,-0.01
0.404,-0.1,0.03,-0.01
0.425,-0.1,0.03,-0.01
0.427,-0.11,0.02,-0.01
0.428,-0.11,0.02,-0.01
0.429,-0.11,0.02,-0.01
0.43,-0.1,0.03,-0.01
0.433,-0.09,0.04,-0.01
0.452,-0.08,0.06,0
0.454,-0.07,0.08,0
0.456,-0.06,0.1,0.01
0.457,-0.05,0.11,0.02
0.458,-0.04,0.1,0.03
0.469,-0.02,0.08,0.04
0.472,0,0.05,0.04
0.472,0.04,0.02,0.04
0.492,0.07,-0.01,0.04
0.494,0.11,-0.01,0.04
0.495,0.14,0,0.05
0.501,0.15,0.02,0.05
0.502,0.16,0.03,0.04
0.503,0.17,0.02,0.02
0.518,0.19,0,0
0.519,0.2,-0.01,-0.02
0.521,0.21,-0.02,-0.03
0.55,0.23,-0.02,-0.05
0.552,0.24,-0.01,-0.05
0.553,0.25,0,-0.06
0.554,0.27,0.01,-0.06
0.556,0.27,0.02,-0.06
0.557,0.28,0.03,-0.05
0.558,0.29,0.04,-0.05
0.559,0.29,0.06,-0.04
0.582,0.29,0.08,-0.03
0.583,0.3,0.12,-0.02
0.584,0.3,0.16,-0.02
0.585,0.32,0.18,-0.01
0.586,0.34,0.2,0
0.588,0.37,0.21,0.01
0.628,0.4,0.22,0.01
0.63,0.43,0.21,0.01
0.631,0.48,0.19,0.01
0.631,0.54,0.17,0
0.632,0.6,0.12,-0.01
0.633,0.68,0.08,-0.03
0.634,0.75,0.05,-0.05
0.634,0.83,0.03,-0.06
0.635,0.9,0.01,-0.08
0.639,0.97,0,-0.09
0.64,1.04,-0.01,-0.1
0.649,1.12,-0.03,-0.11
0.65,1.19,-0.04,-0.12
0.667,1.26,-0.05,-0.13
0.668,1.32,-0.06,-0.13
0.669,1.39,-0.06,-0.12
0.67,1.45,-0.06,-0.12
0.685,1.51,-0.07,-0.11
0.686,1.58,-0.09,-0.1
0.687,1.65,-0.12,-0.09
0.697,1.72,-0.18,-0.07
0.698,1.79,-0.23,-0.04
0.699,1.86,-0.28,-0.01
0.704,1.94,-0.32,0.01
0.71,2.03,-0.37,0.05
0.715,2.13,-0.43,0.08
0.719,2.23,-0.49,0.11
0.725,2.35,-0.54,0.15
0.729,2.48,-0.59,0.17
0.734,2.61,-0.62,0.2
0.751,2.75,-0.63,0.22
0.752,2.88,-0.63,0.24
0.753,3.01,-0.61,0.26
0.754,3.14,-0.59,0.27
0.762,3.26,-0.57,0.29
0.764,3.36,-0.55,0.29
0.768,3.46,-0.53,0.31
0.778,3.56,-0.51,0.32
0.78,3.66,-0.47,0.32
0.783,3.73,-0.43,0.33
0.8,3.79,-0.38,0.34
0.801,3.82,-0.34,0.36
0.802,3.83,-0.29,0.39
0.804,3.79,-0.26,0.42
0.81,3.73,-0.24,0.44
0.815,3.66,-0.25,0.45
0.817,3.6,-0.27,0.47
0.825,3.52,-0.31,0.47
0.827,3.43,-0.35,0.46
0.832,3.33,-0.37,0.44
0.837,3.23,-0.37,0.41
0.851,3.14,-0.36,0.38
0.852,3.03,-0.35,0.33
0.852,2.93,-0.34,0.29
0.859,2.83,-0.34,0.27
0.862,2.73,-0.34,0.24
0.866,2.63,-0.33,0.23
0.877,2.52,-0.31,0.22
0.879,2.41,-0.3,0.2
0.882,2.29,-0.3,0.18
0.886,2.18,-0.29,0.16
0.899,2.05,-0.25,0.15
0.9,1.91,-0.21,0.13
0.902,1.77,-0.17,0.12
0.918,1.62,-0.13,0.12
0.919,1.49,-0.1,0.12
0.921,1.34,-0.07,0.11
0.927,1.21,-0.04,0.1
0.928,1.07,0,0.08
0.931,0.92,0.03,0.08
0.936,0.77,0.05,0.07
0.949,0.63,0.07,0.05
0.95,0.49,0.08,0.04
0.952,0.35,0.09,0.02
0.969,0.21,0.12,0
0.971,0.08,0.13,-0.02
0.972,-0.06,0.14,-0.05
0.974,-0.18,0.15,-0.07
0.975,-0.3,0.16,-0.09
0.981,-0.4,0.16,-0.11
0.987,-0.49,0.16,-0.13
0.998,-0.58,0.16,-0.14
0.999,-0.64,0.16,-0.14
1.002,-0.69,0.15,-0.14
1.004,-0.74,0.14,-0.14
1.014,-0.77,0.13,-0.14
1.016,-0.81,0.13,-0.14
1.02,-0.83,0.12,-0.14
1.027,-0.85,0.12,-0.14
1.03,-0.85,0.12,-0.14
1.034,-0.86,0.11,-0.14
1.049,-0.86,0.13,-0.15
1.05,-0.87,0.16,-0.16
1.051,-0.89,0.21,-0.18
1.054,-0.92,0.27,-0.19
1.065,-0.96,0.33,-0.21
1.067,-1.01,0.37,-0.23
1.069,-1.08,0.4,-0.26
1.077,-1.15,0.38,-0.29
1.079,-1.23,0.36,-0.31
1.083,-1.32,0.35,-0.33
1.099,-1.42,0.35,-0.37
1.101,-1.54,0.37,-0.4
1.102,-1.69,0.39,-0.43
1.104,-1.85,0.43,-0.45
1.12,-2.02,0.47,-0.47
1.121,-2.21,0.51,-0.5
1.123,-2.41,0.55,-0.51
1.124,-2.62,0.57,-0.52
1.13,-2.87,0.6,-0.54
1.133,-3.13,0.63,-0.55
1.138,-3.38,0.65,-0.55
1.149,-3.63,0.66,-0.55
1.15,-3.87,0.64,-0.53
1.153,-4.09,0.61,-0.51
1.169,-4.29,0.56,-0.49
1.17,-4.47,0.51,-0.47
1.172,-4.63,0.47,-0.45
1.174,-4.76,0.45,-0.43
1.179,-4.87,0.45,-0.41
1.182,-4.97,0.44,-0.38
1.187,-5.04,0.44,-0.37
1.199,-5.11,0.48,-0.41
1.2,-5.16,0.54,-0.44
1.202,-5.15,0.58,-0.46
1.218,-5.1,0.58,-0.48
1.22,-4.99,0.56,-0.49
1.222,-4.85,0.55,-0.49
1.223,-4.69,0.55,-0.49
1.229,-4.52,0.54,-0.48
1.232,-4.35,0.52,-0.46
1.236,-4.17,0.48,-0.44
1.249,-4.01,0.43,-0.42
1.25,-3.85,0.38,-0.4
1.252,-3.69,0.32,-0.38
1.256,-3.54,0.25,-0.36
1.267,-3.38,0.18,-0.35
1.269,-3.22,0.09,-0.33
1.271,-3.04,0.01,-0.29
1.276,-2.86,-0.03,-0.24
1.281,-2.68,-0.03,-0.2
1.286,-2.5,-0.01,-0.17
1.299,-2.3,0.01,-0.14
1.3,-2.11,0.02,-0.11
1.302,-1.92,0.03,-0.07
1.305,-1.72,0.03,-0.04
1.319,-1.54,0.03,0
1.32,-1.35,0.03,0.02
1.322,-1.17,0.03,0.05
1.329,-1,0.03,0.06
1.33,-0.83,0.06,0.08
1.335,-0.68,0.08,0.09
1.35,-0.54,0.09,0.1
1.351,-0.41,0.11,0.11
1.352,-0.29,0.11,0.11
1.355,-0.18,0.11,0.11
1.371,-0.09,0.09,0.1
1.373,0.01,0.07,0.1
1.374,0.1,0.04,0.09
1.38,0.18,0.01,0.08
1.382,0.25,-0.01,0.06
1.384,0.3,-0.03,0.05
1.389,0.34,-0.05,0.04
1.4,0.38,-0.07,0.02
1.402,0.41,-0.08,0.01
1.403,0.43,-0.1,-0.01
1.422,0.44,-0.12,-0.02
1.423,0.45,-0.13,-0.04
1.425,0.45,-0.13,-0.05
1.426,0.45,-0.13,-0.06
1.429,0.43,-0.12,-0.07
1.434,0.41,-0.11,-0.07
1.438,0.39,-0.1,-0.07
1.444,0.35,-0.08,-0.08
1.448,0.32,-0.07,-0.08
1.453,0.28,-0.05,-0.07
1.466,0.24,-0.03,-0.07
1.467,0.2,-0.02,-0.07
1.469,0.16,0,-0.06
1.473,0.13,0.01,-0.05
1.486,0.09,0.02,-0.05
1.488,0.06,0.02,-0.03
1.489,0.02,0.02,-0.02
1.495,0,0.02,-0.02
1.498,-0.03,0.01,-0.01
1.503,-0.06,0.01,0
1.517,-0.08,0.01,0
1.518,-0.09,0.01,0
1.519,-0.11,0.01,0.01
1.522,-0.11,0,0.01
1.551,-0.11,-0.01,0.02
1.552,-0.1,-0.02,0.01
1.553,-0.09,-0.02,0.01
1.554,-0.08,-0.04,0.01
1.555,-0.06,-0.05,0.01
1.557,-0.03,-0.04,0
1.558,0,-0.03,0
1.568,0.03,-0.02,0
1.57,0.08,0,0.01
1.571,0.14,0.02,0.02
1.586,0.21,0.03,0.02
1.588,0.29,0.03,0.02
1.59,0.38,0.02,0.02
1.604,0.47,0,0.01
1.606,0.57,0,0.01
1.608,0.67,-0.02,0.01
1.609,0.79,-0.04,0.01
1.61,0.92,-0.07,0.01
1.628,1.07,-0.09,0.02
1.629,1.23,-0.1,0.03
1.63,1.41,-0.12,0.03
1.631,1.61,-0.14,0.04
1.635,1.83,-0.16,0.04
1.64,2.07,-0.2,0.05
1.645,2.33,-0.25,0.04
1.65,2.61,-0.3,0.04
1.655,2.91,-0.35,0.03
1.671,3.22,-0.39,0.02
1.673,3.54,-0.41,0.01
1.674,3.87,-0.42,0
1.693,4.2,-0.4,0
1.694,4.52,-0.37,0.01
1.696,4.82,-0.31,0.02
1.697,5.1,-0.26,0.05
1.699,5.37,-0.21,0.08
1.7,5.61,-0.18,0.11
1.704,5.84,-0.15,0.16
1.717,6.03,-0.13,0.19
1.719,6.19,-0.14,0.23
1.72,6.32,-0.18,0.25
1.74,6.39,-0.23,0.27
1.742,6.43,-0.28,0.29
1.743,6.43,-0.35,0.32
1.745,6.39,-0.46,0.37
1.746,6.32,-0.55,0.43
1.757,6.22,-0.63,0.5
1.759,6.09,-0.69,0.58
1.76,5.94,-0.75,0.66
1.763,5.77,-0.8,0.74
1.768,5.57,-0.83,0.81
1.773,5.37,-0.83,0.86
1.779,5.14,-0.81,0.88
1.783,4.89,-0.79,0.85
1.789,4.62,-0.78,0.79
1.795,4.35,-0.75,0.72
1.798,4.07,-0.74,0.66
1.802,3.79,-0.7,0.59
1.817,3.54,-0.64,0.53
1.819,3.32,-0.55,0.46
1.82,3.11,-0.47,0.4
1.823,2.91,-0.42,0.33
1.835,2.72,-0.37,0.26
1.837,2.53,-0.31,0.2
1.839,2.34,-0.25,0.14
1.851,2.15,-0.2,0.08
1.853,1.97,-0.15,0.03
1.854,1.78,-0.09,-0.01
1.857,1.59,-0.06,-0.05
1.868,1.41,-0.04,-0.08
1.87,1.25,-0.03,-0.11
1.872,1.09,-0.01,-0.13
1.879,0.95,0,-0.14
1.882,0.82,0,-0.15
1.887,0.71,0,-0.15
1.9,0.6,0,-0.15
1.902,0.5,0,-0.14
1.903,0.4,0,-0.12
1.906,0.3,-0.01,-0.11
1.92,0.22,-0.01,-0.09
1.922,0.13,-0.02,-0.07
1.923,0.05,-0.03,-0.04
1.929,-0.03,-0.04,-0.02
1.93,-0.11,-0.04,0
1.935,-0.18,-0.06,0.02
1.941,-0.26,-0.06,0.03
1.951,-0.33,-0.07,0.05
1.953,-0.4,-0.07,0.06
1.955,-0.45,-0.07,0.07
1.973,-0.51,-0.06,0.08
1.974,-0.56,-0.05,0.09
1.986,-0.62,-0.03,0.08
1.987,-0.68,0.01,0.07
1.988,-0.74,0.05,0.05
1.989,-0.81,0.08,0.04
1.99,-0.87,0.11,0.02
1.995,-0.94,0.15,0
2,-1.02,0.18,-0.02
2.005,-1.1,0.21,-0.03
2.016,-1.19,0.23,-0.06
2.018,-1.29,0.24,-0.09
2.019,-1.39,0.26,-0.11
2.025,-1.49,0.27,-0.13
2.037,-1.59,0.28,-0.15
2.039,-1.7,0.29,-0.16
2.04,-1.8,0.3,-0.18
2.052,-1.91,0.31,-0.18
2.053,-2.02,0.3,-0.19
2.054,-2.13,0.28,-0.2
2.073,-2.25,0.27,-0.22
2.074,-2.37,0.27,-0.23
2.076,-2.51,0.27,-0.25
2.083,-2.65,0.28,-0.27
2.084,-2.79,0.28,-0.29
2.086,-2.94,0.28,-0.31
2.089,-3.09,0.28,-0.33
2.101,-3.26,0.27,-0.34
2.104,-3.42,0.27,-0.34
2.105,-3.6,0.25,-0.34
2.121,-3.78,0.22,-0.34
2.123,-3.98,0.21,-0.33
2.124,-4.18,0.24,-0.33
2.125,-4.38,0.28,-0.32
2.131,-4.58,0.33,-0.32
2.132,-4.76,0.36,-0.32
2.137,-4.91,0.38,-0.33
2.152,-5.04,0.39,-0.34
2.154,-5.15,0.4,-0.35
2.155,-5.24,0.4,-0.36
2.158,-5.31,0.38,-0.36
2.171,-5.34,0.35,-0.37
2.173,-5.35,0.33,-0.37
2.175,-5.35,0.3,-0.37
2.18,-5.31,0.26,-0.35
2.182,-5.23,0.23,-0.32
2.187,-5.1,0.21,-0.29
2.201,-4.95,0.21,-0.28
2.203,-4.78,0.22,-0.29
2.204,-4.6,0.24,-0.29
2.207,-4.42,0.26,-0.28
2.223,-4.26,0.27,-0.27
2.224,-4.1,0.28,-0.26
2.226,-3.95,0.28,-0.25
2.233,-3.81,0.26,-0.26
2.234,-3.68,0.24,-0.26
2.236,-3.56,0.21,-0.26
2.241,-3.42,0.18,-0.26
2.251,-3.28,0.16,-0.24
2.253,-3.12,0.18,-0.21
2.256,-2.96,0.2,-0.17
2.272,-2.78,0.23,-0.13
2.273,-2.58,0.27,-0.09
2.275,-2.36,0.31,-0.05
2.277,-2.12,0.34,-0.02
2.282,-1.88,0.33,0
2.286,-1.63,0.31,0.01
2.292,-1.38,0.29,0.02
2.302,-1.14,0.26,0.03
2.303,-0.92,0.21,0.05
2.304,-0.71,0.15,0.06
2.32,-0.53,0.09,0.07
2.322,-0.36,0.05,0.08
2.323,-0.21,0.03,0.09
2.325,-0.08,0.01,0.09
2.331,0.03,-0.02,0.09
2.335,0.13,-0.04,0.09
2.341,0.21,-0.06,0.09
2.352,0.28,-0.08,0.08
2.353,0.34,-0.09,0.07
2.355,0.39,-0.1,0.05
2.374,0.44,-0.1,0.03
2.376,0.48,-0.1,0.02
2.377,0.51,-0.08,0.01
2.379,0.52,-0.07,0.01
2.38,0.53,-0.05,0.01
2.385,0.53,-0.03,0.02
2.389,0.51,-0.02,0.01
2.402,0.49,0,0.02
2.403,0.46,0.01,0.02
2.405,0.43,0.01,0.02
2.409,0.39,0,0.02
2.421,0.36,0.01,0.02
2.423,0.33,0.01,0.02
2.424,0.3,0.01,0.01
2.43,0.27,0.01,0.01
2.433,0.24,0.01,0
2.438,0.21,0,0
2.453,0.18,0.01,-0.01
2.454,0.14,0,-0.01
2.455,0.1,-0.01,-0.01
2.458,0.06,-0.01,-0.01
2.472,0.03,-0.01,-0.01
2.473,0,-0.02,-0.01
2.474,-0.03,-0.02,-0.01
2.478,-0.06,-0.02,-0.01
2.483,-0.08,-0.02,-0.02
2.488,-0.09,-0.03,-0.01
2.497,-0.11,-0.02,-0.01
2.498,-0.13,-0.02,-0.01
2.502,-0.14,-0.02,-0.01
2.507,-0.14,-0.02,0
2.517,-0.15,-0.02,0
2.518,-0.14,-0.02,0
2.522,-0.14,-0.03,0
2.55,-0.13,-0.03,0.01
2.551,-0.11,-0.03,0.01
2.552,-0.1,-0.04,0.01
2.553,-0.08,-0.04,0.02
2.554,-0.05,-0.05,0.03
2.555,-0.03,-0.05,0.04
2.556,0.01,-0.05,0.05
2.568,0.06,-0.05,0.06
2.569,0.11,-0.05,0.07
2.571,0.17,-0.05,0.08
2.588,0.24,-0.05,0.08
2.59,0.31,-0.06,0.08
2.591,0.37,-0.07,0.09
2.593,0.44,-0.08,0.09
2.604,0.52,-0.09,0.09
2.605,0.59,-0.1,0.1
2.607,0.68,-0.11,0.11
2.623,0.78,-0.12,0.12
2.625,0.91,-0.15,0.12
2.626,1.05,-0.2,0.13
2.628,1.22,-0.25,0.14
2.633,1.4,-0.3,0.14
2.636,1.59,-0.36,0.14
2.639,1.81,-0.41,0.14
2.653,2.03,-0.46,0.15
2.654,2.25,-0.49,0.15
2.655,2.47,-0.51,0.16
2.675,2.69,-0.51,0.18
2.676,2.91,-0.5,0.2
2.678,3.13,-0.49,0.23
2.679,3.34,-0.48,0.26
2.68,3.54,-0.47,0.29
2.685,3.73,-0.46,0.33
2.69,3.92,-0.46,0.38
2.703,4.1,-0.47,0.43
2.704,4.27,-0.49,0.48
2.705,4.44,-0.52,0.52
2.709,4.59,-0.56,0.56
2.723,4.75,-0.6,0.6
2.725,4.89,-0.63,0.62
2.726,5.01,-0.64,0.63
2.733,5.11,-0.65,0.65
2.735,5.2,-0.65,0.67
2.739,5.27,-0.66,0.69
2.753,5.31,-0.69,0.7
2.755,5.32,-0.74,0.71
2.758,5.3,-0.79,0.72
2.76,5.26,-0.84,0.74
2.775,5.19,-0.88,0.76
2.776,5.11,-0.91,0.78
2.778,4.99,-0.9,0.78
2.779,4.85,-0.89,0.74
2.784,4.67,-0.88,0.69
2.788,4.47,-0.87,0.64
2.793,4.27,-0.84,0.57
2.805,4.07,-0.8,0.51
2.806,3.88,-0.75,0.45
2.808,3.69,-0.68,0.41
2.83,3.52,-0.61,0.36
2.832,3.35,-0.53,0.32
2.833,3.17,-0.44,0.28
2.835,2.98,-0.38,0.24
2.836,2.79,-0.33,0.2
2.838,2.59,-0.27,0.15
2.842,2.4,-0.23,0.09
2.849,2.19,-0.19,0.05
2.853,1.99,-0.15,0.01
2.857,1.78,-0.12,-0.02
2.872,1.59,-0.1,-0.04
2.873,1.4,-0.09,-0.06
2.874,1.22,-0.08,-0.08
2.899,1.05,-0.06,-0.08
2.9,0.9,-0.04,-0.09
2.902,0.75,-0.02,-0.1
2.903,0.61,0,-0.11
2.905,0.49,0.03,-0.12
2.906,0.37,0.06,-0.14
2.907,0.27,0.09,-0.15
2.922,0.18,0.11,-0.15
2.923,0.1,0.13,-0.15
2.924,0.03,0.13,-0.14
2.925,-0.03,0.12,-0.13
2.94,-0.08,0.1,-0.12
2.941,-0.14,0.06,-0.1
2.942,-0.19,0.05,-0.08
2.953,-0.25,0.03,-0.07
2.954,-0.3,0.02,-0.06
2.959,-0.36,0.01,-0.05
2.96,-0.41,0.02,-0.05
2.971,-0.46,0.03,-0.04
2.972,-0.51,0.05,-0.04
2.974,-0.57,0.06,-0.05
2.981,-0.63,0.07,-0.06
2.984,-0.68,0.09,-0.07
2.989,-0.73,0.11,-0.09
3.003,-0.77,0.14,-0.11
3.004,-0.83,0.18,-0.13
3.005,-0.89,0.21,-0.15
3.009,-0.95,0.26,-0.17
3.023,-1.02,0.29,-0.2
3.024,-1.1,0.32,-0.22
3.026,-1.18,0.35,-0.24
3.032,-1.29,0.38,-0.25
3.034,-1.4,0.42,-0.27
3.039,-1.51,0.45,-0.29
3.043,-1.63,0.48,-0.31
3.055,-1.76,0.51,-0.32
3.056,-1.88,0.53,-0.33
3.058,-2,0.54,-0.33
3.076,-2.13,0.53,-0.33
3.078,-2.26,0.5,-0.32
3.079,-2.39,0.46,-0.31
3.08,-2.54,0.42,-0.31
3.083,-2.69,0.4,-0.31
3.088,-2.85,0.39,-0.31
3.093,-3.01,0.38,-0.3
3.098,-3.16,0.38,-0.3
3.104,-3.32,0.37,-0.31
3.108,-3.49,0.36,-0.32
3.124,-3.66,0.34,-0.33
3.126,-3.83,0.35,-0.34
3.128,-3.99,0.34,-0.35
3.13,-4.14,0.32,-0.34
3.148,-4.26,0.3,-0.34
3.149,-4.36,0.29,-0.33
3.15,-4.44,0.31,-0.32
3.152,-4.51,0.33,-0.32
3.153,-4.54,0.36,-0.31
3.157,-4.57,0.37,-0.31
3.172,-4.58,0.36,-0.31
3.174,-4.59,0.36,-0.31
3.175,-4.58,0.39,-0.33
3.178,-4.54,0.42,-0.33
3.192,-4.48,0.42,-0.32
3.194,-4.39,0.38,-0.31
3.196,-4.29,0.34,-0.31
3.207,-4.17,0.29,-0.31
3.209,-4.05,0.24,-0.33
3.211,-3.92,0.21,-0.34
3.228,-3.79,0.2,-0.35
3.23,-3.68,0.19,-0.35
3.231,-3.56,0.19,-0.33
3.232,-3.45,0.19,-0.32
3.234,-3.33,0.18,-0.31
3.236,-3.22,0.16,-0.29
3.241,-3.11,0.13,-0.29
3.248,-3.02,0.12,-0.28
3.251,-2.91,0.15,-0.27
3.256,-2.81,0.19,-0.26
3.261,-2.7,0.24,-0.24
3.271,-2.56,0.29,-0.22
3.272,-2.42,0.34,-0.2
3.275,-2.27,0.36,-0.18
3.294,-2.11,0.35,-0.17
3.296,-1.95,0.32,-0.15
3.298,-1.78,0.28,-0.14
3.299,-1.62,0.23,-0.13
3.301,-1.46,0.18,-0.11
3.305,-1.31,0.13,-0.1
3.311,-1.17,0.08,-0.09
3.322,-1.04,0.04,-0.09
3.323,-0.91,0.01,-0.09
3.344,-0.79,-0.01,-0.08
3.346,-0.68,-0.02,-0.07
3.348,-0.57,-0.03,-0.05
3.349,-0.48,-0.03,-0.04
3.351,-0.4,-0.03,-0.03
3.352,-0.33,-0.04,-0.03
3.362,-0.25,-0.04,-0.02
3.363,-0.18,-0.04,-0.02
3.365,-0.12,-0.04,-0.02
3.37,-0.05,-0.04,-0.02
3.375,0.01,-0.03,-0.03
3.386,0.07,-0.03,-0.03
3.387,0.13,-0.03,-0.03
3.389,0.18,-0.04,-0.04
3.394,0.23,-0.04,-0.04
3.406,0.27,-0.05,-0.05
3.407,0.3,-0.06,-0.05
3.409,0.32,-0.06,-0.05
3.424,0.33,-0.06,-0.05
3.426,0.33,-0.05,-0.05
3.428,0.32,-0.04,-0.04
3.434,0.3,-0.02,-0.04
3.435,0.28,-0.01,-0.04
3.438,0.26,-0.01,-0.03
3.443,0.24,0,-0.02
3.45,0.22,0,-0.02
3.463,0.19,-0.01,-0.02
3.464,0.17,-0.03,-0.03
3.465,0.15,-0.04,-0.03
3.468,0.13,-0.05,-0.04
3.472,0.12,-0.07,-0.04
3.477,0.1,-0.09,-0.04
3.486,0.1,-0.11,-0.05
3.488,0.1,-0.12,-0.05
3.492,0.09,-0.12,-0.05
3.507,0.09,-0.11,-0.04
3.509,0.09,-0.09,-0.03
3.51,0.08,-0.08,-0.03
3.512,0.07,-0.08,-0.02
3.528,0.06,-0.08,-0.02
3.529,0.06,-0.08,-0.01
3.53,0.06,-0.09,-0.01
3.536,0.06,-0.09,0
3.537,0.07,-0.09,0.01
3.541,0.09,-0.1,0.01
3.554,0.12,-0.1,0.02
3.555,0.15,-0.11,0.02
3.557,0.19,-0.11,0.02
3.562,0.24,-0.11,0.03
3.575,0.28,-0.11,0.04
3.577,0.34,-0.12,0.04
3.579,0.39,-0.13,0.04
3.583,0.46,-0.14,0.05
3.586,0.53,-0.16,0.06
3.59,0.61,-0.19,0.06
3.605,0.69,-0.22,0.07
3.606,0.78,-0.23,0.08
3.608,0.87,-0.25,0.09
3.61,0.99,-0.26,0.11
3.627,1.11,-0.28,0.13
3.629,1.25,-0.32,0.14
3.631,1.4,-0.36,0.16
3.632,1.56,-0.41,0.18
3.637,1.72,-0.46,0.21
3.641,1.89,-0.49,0.24
3.645,2.08,-0.52,0.27
3.656,2.28,-0.56,0.3
3.658,2.48,-0.59,0.33
3.659,2.7,-0.64,0.36
3.675,2.92,-0.68,0.39
3.676,3.15,-0.72,0.41
3.678,3.38,-0.75,0.44
3.685,3.62,-0.78,0.46
3.686,3.86,-0.81,0.47
3.689,4.1,-0.83,0.48
3.694,4.35,-0.84,0.49
3.705,4.58,-0.85,0.49
3.707,4.79,-0.82,0.48
3.709,4.99,-0.78,0.48
3.726,5.15,-0.76,0.49
3.728,5.29,-0.74,0.5
3.729,5.39,-0.73,0.52
3.736,5.46,-0.7,0.52
3.737,5.48,-0.67,0.51
3.739,5.46,-0.64,0.5
3.743,5.41,-0.64,0.51
3.756,5.33,-0.65,0.52
3.758,5.22,-0.64,0.52
3.759,5.08,-0.62,0.52
3.778,4.9,-0.59,0.5
3.779,4.71,-0.54,0.47
3.781,4.52,-0.53,0.44
3.782,4.32,-0.53,0.41
3.784,4.12,-0.53,0.36
3.789,3.94,-0.51,0.31
3.793,3.76,-0.48,0.25
3.806,3.58,-0.42,0.2
3.808,3.4,-0.36,0.15
3.809,3.21,-0.3,0.11
3.813,3.02,-0.25,0.08
3.829,2.85,-0.22,0.05
3.831,2.68,-0.2,0.02
3.832,2.51,-0.18,-0.01
3.833,2.35,-0.16,-0.03
3.837,2.19,-0.14,-0.05
3.842,2.05,-0.12,-0.07
3.849,1.91,-0.1,-0.08
3.852,1.78,-0.1,-0.09
3.857,1.65,-0.09,-0.09
3.861,1.52,-0.07,-0.08
3.872,1.39,-0.06,-0.07
3.873,1.27,-0.07,-0.06
3.876,1.15,-0.08,-0.05
3.897,1.03,-0.08,-0.04
3.899,0.92,-0.07,-0.02
3.9,0.82,-0.06,-0.01
3.901,0.73,-0.03,-0.01
3.903,0.64,-0.01,-0.01
3.906,0.55,0.01,-0.01
3.912,0.47,0.04,-0.01
3.92,0.38,0.06,-0.02
3.922,0.3,0.07,-0.02
3.926,0.22,0.07,-0.02
3.941,0.14,0.07,-0.02
3.942,0.07,0.06,-0.01
3.948,0,0.05,0
3.949,-0.08,0.04,0
3.95,-0.15,0.04,0
3.961,-0.21,0.04,-0.01
3.963,-0.28,0.06,-0.01
3.965,-0.34,0.08,0
3.97,-0.4,0.1,-0.01
3.975,-0.46,0.11,-0.02
3.98,-0.51,0.12,-0.03
3.99,-0.56,0.14,-0.05
3.991,-0.61,0.15,-0.06
3.995,-0.65,0.16,-0.07
4.012,-0.69,0.18,-0.07
4.014,-0.74,0.19,-0.08
4.015,-0.77,0.2,-0.08
4.016,-0.81,0.2,-0.09
4.02,-0.84,0.21,-0.09
4.024,-0.87,0.22,-0.09
4.029,-0.91,0.24,-0.09
4.039,-0.95,0.27,-0.1
4.04,-1,0.29,-0.11
4.044,-1.04,0.31,-0.12
4.063,-1.09,0.32,-0.13
4.065,-1.14,0.34,-0.14
4.066,-1.21,0.35,-0.15
4.068,-1.28,0.36,-0.17
4.069,-1.38,0.38,-0.19
4.074,-1.48,0.39,-0.2
4.078,-1.58,0.41,-0.21
4.088,-1.7,0.44,-0.21
4.09,-1.84,0.47,-0.22
4.093,-1.98,0.5,-0.24
4.112,-2.13,0.52,-0.26
4.113,-2.28,0.53,-0.28
4.115,-2.44,0.54,-0.3
4.117,-2.6,0.55,-0.32
4.118,-2.76,0.54,-0.34
4.129,-2.92,0.52,-0.36
4.13,-3.09,0.49,-0.38
4.155,-3.25,0.45,-0.39
4.157,-3.4,0.43,-0.4
4.158,-3.55,0.4,-0.4
4.159,-3.7,0.37,-0.41
4.16,-3.84,0.36,-0.42
4.161,-3.97,0.35,-0.44
4.162,-4.09,0.35,-0.44
4.167,-4.2,0.37,-0.44
4.172,-4.3,0.39,-0.43
4.177,-4.37,0.43,-0.41
4.191,-4.41,0.45,-0.39
4.192,-4.43,0.45,-0.37
4.193,-4.43,0.43,-0.36
4.212,-4.42,0.41,-0.34
4.214,-4.41,0.36,-0.32
4.215,-4.4,0.3,-0.31
4.216,-4.37,0.27,-0.31
4.218,-4.32,0.27,-0.32
4.229,-4.25,0.3,-0.32
4.23,-4.19,0.34,-0.31
4.249,-4.12,0.39,-0.3
4.251,-4.04,0.44,-0.3
4.252,-3.94,0.47,-0.3
4.253,-3.84,0.48,-0.32
4.254,-3.71,0.48,-0.33
4.256,-3.58,0.47,-0.35
4.261,-3.44,0.46,-0.36
4.268,-3.3,0.42,-0.36
4.27,-3.15,0.38,-0.36
4.275,-3.01,0.32,-0.35
4.281,-2.86,0.26,-0.33
4.294,-2.7,0.19,-0.3
4.295,-2.55,0.13,-0.27
4.296,-2.4,0.09,-0.24
4.319,-2.26,0.05,-0.21
4.321,-2.1,0.03,-0.19
4.322,-1.94,0.02,-0.16
4.323,-1.79,0.02,-0.13
4.325,-1.63,0.03,-0.11
4.326,-1.47,0.03,-0.1
4.33,-1.31,0.04,-0.08
4.343,-1.16,0.03,-0.06
4.345,-1.03,0.02,-0.05
4.346,-0.9,0.01,-0.05
4.37,-0.79,0.01,-0.05
4.372,-0.68,0.03,-0.04
4.374,-0.59,0.04,-0.03
4.375,-0.5,0.05,-0.03
4.376,-0.43,0.04,-0.03
4.378,-0.35,0.02,-0.03
4.379,-0.28,-0.01,-0.04
4.391,-0.22,-0.04,-0.05
4.393,-0.16,-0.09,-0.05
4.394,-0.1,-0.13,-0.07
4.416,-0.05,-0.16,-0.07
4.418,0.01,-0.17,-0.08
4.419,0.05,-0.18,-0.09
4.42,0.09,-0.17,-0.09
4.421,0.13,-0.15,-0.09
4.423,0.16,-0.14,-0.09
4.429,0.18,-0.11,-0.09
4.435,0.2,-0.09,-0.08
4.447,0.22,-0.07,-0.08
4.449,0.23,-0.04,-0.07
4.45,0.24,-0.03,-0.07
4.473,0.25,-0.01,-0.06
4.474,0.27,0.01,-0.06
4.475,0.27,0.02,-0.06
4.476,0.27,0.03,-0.06
4.477,0.27,0.05,-0.06
4.478,0.24,0.08,-0.06
4.494,0.22,0.09,-0.06
4.496,0.19,0.11,-0.06
4.497,0.16,0.11,-0.05
4.515,0.13,0.1,-0.05
4.517,0.11,0.08,-0.04
4.518,0.08,0.05,-0.04
4.519,0.06,0.02,-0.04
4.52,0.05,0,-0.04
4.522,0.03,-0.01,-0.04
4.526,0.02,-0.02,-0.04
4.531,0.01,-0.02,-0.04
4.542,0,-0.02,-0.04
4.543,-0.01,-0.01,-0.03
4.547,-0.02,-0.01,-0.03
4.564,-0.03,-0.01,-0.03
4.566,-0.03,-0.01,-0.02
4.568,-0.04,-0.01,-0.01
4.569,-0.03,-0.02,0
4.571,-0.02,-0.03,0.01
4.576,0,-0.04,0.01
4.581,0.02,-0.06,0.02
4.596,0.05,-0.07,0.03
4.598,0.08,-0.09,0.03
4.6,0.12,-0.1,0.03
4.602,0.16,-0.1,0.04
4.627,0.22,-0.1,0.05
4.629,0.28,-0.1,0.06
4.63,0.35,-0.11,0.06
4.632,0.42,-0.12,0.07
4.634,0.52,-0.13,0.08
4.635,0.62,-0.13,0.09
4.636,0.74,-0.13,0.1
4.648,0.85,-0.12,0.11
4.649,0.99,-0.12,0.12
4.652,1.13,-0.13,0.14
4.655,1.28,-0.14,0.16
4.66,1.45,-0.15,0.17
4.672,1.64,-0.17,0.18
4.674,1.85,-0.19,0.19
4.675,2.07,-0.22,0.2
4.68,2.32,-0.23,0.22
4.693,2.58,-0.25,0.24
4.694,2.86,-0.26,0.26
4.695,3.15,-0.26,0.28
4.717,3.44,-0.26,0.3
4.719,3.74,-0.25,0.32
4.72,4.05,-0.24,0.34
4.721,4.34,-0.23,0.37
4.722,4.61,-0.21,0.39
4.724,4.86,-0.19,0.42
4.729,5.09,-0.18,0.46
4.742,5.29,-0.19,0.49
4.744,5.46,-0.2,0.53
4.745,5.6,-0.23,0.57
4.748,5.73,-0.26,0.59
4.763,5.83,-0.28,0.6
4.765,5.92,-0.31,0.61
4.766,5.97,-0.36,0.62
4.768,5.99,-0.42,0.63
4.779,5.96,-0.48,0.64
4.78,5.9,-0.51,0.67
4.802,5.8,-0.51,0.72
4.803,5.66,-0.51,0.76
4.804,5.5,-0.52,0.79
4.805,5.32,-0.54,0.81
4.806,5.12,-0.55,0.81
4.808,4.92,-0.54,0.78
4.812,4.71,-0.52,0.75
4.826,4.49,-0.48,0.71
4.827,4.26,-0.44,0.65
4.829,4.02,-0.4,0.58
4.832,3.78,-0.35,0.5
4.849,3.54,-0.27,0.41
4.851,3.31,-0.16,0.32
4.852,3.09,-0.04,0.23
4.853,2.89,0.07,0.15
4.857,2.7,0.16,0.08
4.862,2.52,0.23,0.02
4.869,2.34,0.28,-0.03
4.871,2.17,0.32,-0.09
4.876,1.99,0.36,-0.14
4.881,1.82,0.4,-0.17
4.892,1.66,0.42,-0.19
4.894,1.5,0.42,-0.21
4.896,1.36,0.41,-0.23
4.917,1.22,0.39,-0.23
4.919,1.08,0.37,-0.23
4.92,0.96,0.32,-0.22
4.921,0.84,0.27,-0.19
4.922,0.74,0.21,-0.17
4.928,0.65,0.15,-0.15
4.931,0.56,0.11,-0.13
4.941,0.48,0.08,-0.11
4.942,0.41,0.06,-0.1
4.945,0.34,0.04,-0.08
4.968,0.28,0.04,-0.07
4.97,0.22,0.04,-0.06
4.971,0.16,0.05,-0.05
4.972,0.09,0.07,-0.05
4.973,0.03,0.08,-0.05
4.974,-0.04,0.08,-0.05
4.98,-0.1,0.07,-0.05
4.994,-0.18,0.07,-0.05
4.995,-0.26,0.06,-0.05
4.996,-0.34,0.06,-0.05
5,-0.43,0.05,-0.05
5.017,-0.51,0.04,-0.06
5.018,-0.59,0.04,-0.07
5.019,-0.67,0.06,-0.08
5.02,-0.75,0.08,-0.1
5.024,-0.83,0.1,-0.13
5.029,-0.89,0.13,-0.15
5.042,-0.96,0.16,-0.18
5.043,-1.02,0.17,-0.19
5.044,-1.08,0.18,-0.21
5.048,-1.14,0.2,-0.22
5.064,-1.21,0.21,-0.23
5.066,-1.27,0.22,-0.23
5.067,-1.34,0.22,-0.23
5.068,-1.41,0.22,-0.23
5.073,-1.49,0.22,-0.22
5.078,-1.56,0.2,-0.21
5.092,-1.63,0.19,-0.2
5.093,-1.71,0.17,-0.2
5.094,-1.8,0.16,-0.18
5.098,-1.89,0.16,-0.17
5.115,-1.98,0.16,-0.16
5.116,-2.07,0.16,-0.15
5.118,-2.17,0.15,-0.15
5.119,-2.27,0.15,-0.15
5.123,-2.38,0.16,-0.15
5.128,-2.5,0.18,-0.15
5.142,-2.63,0.18,-0.16
5.143,-2.76,0.18,-0.17
5.144,-2.9,0.18,-0.18
5.147,-3.05,0.18,-0.19
5.168,-3.21,0.17,-0.2
5.169,-3.36,0.16,-0.2
5.17,-3.53,0.15,-0.21
5.171,-3.7,0.14,-0.21
5.173,-3.86,0.13,-0.22
5.177,-4.01,0.12,-0.23
5.182,-4.14,0.11,-0.24
5.193,-4.26,0.12,-0.25
5.195,-4.37,0.13,-0.26
5.196,-4.46,0.15,-0.27
5.221,-4.53,0.17,-0.29
5.223,-4.59,0.19,-0.3
5.224,-4.63,0.18,-0.3
5.225,-4.66,0.19,-0.3
5.226,-4.65,0.2,-0.3
5.227,-4.62,0.22,-0.3
5.231,-4.57,0.23,-0.29
5.248,-4.51,0.25,-0.27
5.25,-4.44,0.28,-0.25
5.251,-4.35,0.32,-0.23
5.252,-4.27,0.35,-0.24
5.256,-4.18,0.37,-0.25
5.26,-4.08,0.38,-0.28
5.265,-3.99,0.38,-0.32
5.276,-3.89,0.38,-0.35
5.277,-3.79,0.37,-0.38
5.28,-3.69,0.37,-0.39
5.3,-3.59,0.35,-0.4
5.302,-3.49,0.33,-0.41
5.303,-3.37,0.3,-0.41
5.304,-3.24,0.26,-0.42
5.305,-3.12,0.22,-0.42
5.309,-3,0.19,-0.41
5.316,-2.88,0.15,-0.39
5.325,-2.74,0.1,-0.38
5.326,-2.59,0.08,-0.36
5.33,-2.42,0.07,-0.34
5.343,-2.23,0.07,-0.3
5.344,-2.03,0.07,-0.26
5.345,-1.82,0.08,-0.22
5.349,-1.61,0.1,-0.18
5.368,-1.39,0.13,-0.14
5.369,-1.18,0.15,-0.11
5.37,-0.97,0.16,-0.08
5.371,-0.78,0.16,-0.05
5.374,-0.6,0.14,-0.02
5.379,-0.44,0.11,0.01
5.394,-0.28,0.09,0.03
5.395,-0.13,0.07,0.04
5.396,0,0.06,0.05
5.398,0.12,0.05,0.05
5.419,0.24,0.05,0.05
5.42,0.34,0.04,0.04
5.422,0.43,0.04,0.02
5.428,0.51,0.03,-0.01
5.429,0.58,0.03,-0.03
5.429,0.62,0.02,-0.05
5.447,0.66,0.01,-0.06
5.448,0.7,0,-0.07
5.451,0.72,-0.01,-0.08
5.453,0.73,-0.02,-0.09
5.454,0.74,-0.04,-0.09
5.474,0.74,-0.05,-0.1
5.475,0.74,-0.05,-0.1
5.477,0.73,-0.05,-0.09
5.478,0.7,-0.05,-0.09
5.479,0.68,-0.05,-0.08
5.482,0.65,-0.05,-0.07
5.501,0.61,-0.04,-0.05
5.502,0.57,-0.03,-0.04
5.504,0.52,-0.03,-0.03
5.504,0.47,-0.04,-0.02
5.506,0.42,-0.05,-0.01
5.511,0.36,-0.06,-0.01
5.516,0.31,-0.07,0
5.527,0.25,-0.07,0.01
5.529,0.19,-0.06,0.01
5.531,0.13,-0.04,0.02
5.544,0.07,-0.02,0.03
5.546,0.02,-0.01,0.03
5.547,-0.02,0,0.03
5.568,-0.06,0,0.03
5.569,-0.09,0.02,0.03
5.57,-0.11,0.06,0.02
5.571,-0.13,0.08,0.01
5.572,-0.15,0.1,0
5.576,-0.16,0.11,-0.01
5.581,-0.16,0.11,-0.02
5.594,-0.15,0.11,-0.02
5.595,-0.16,0.11,-0.02
5.597,-0.15,0.11,-0.03
5.6,-0.14,0.11,-0.03
5.619,-0.14,0.1,-0.02
5.62,-0.12,0.1,-0.02
5.621,-0.12,0.09,-0.01
5.623,-0.11,0.08,-0.01
5.625,-0.1,0.07,-0.01
5.63,-0.1,0.07,-0.02
5.644,-0.1,0.07,-0.02
5.645,-0.09,0.08,-0.03
5.646,-0.09,0.08,-0.03
5.65,-0.08,0.09,-0.02
5.669,-0.08,0.08,-0.02
5.67,-0.07,0.07,-0.04
5.671,-0.05,0.08,-0.05
5.673,-0.03,0.09,-0.05
5.675,-0.02,0.09,-0.05
5.679,0,0.08,-0.05
5.695,0.01,0.08,-0.05
5.696,0.03,0.07,-0.05
5.698,0.04,0.06,-0.04
5.699,0.06,0.06,-0.03
5.721,0.07,0.06,-0.03
5.723,0.09,0.05,-0.03
5.724,0.1,0.05,-0.02
5.725,0.11,0.05,-0.02
5.727,0.12,0.05,-0.02
5.729,0.13,0.05,-0.02
5.733,0.13,0.05,-0.02
5.746,0.14,0.06,-0.02
5.748,0.15,0.06,-0.03
5.749,0.15,0.07,-0.03
5.773,0.14,0.07,-0.03
5.774,0.14,0.07,-0.04
5.775,0.13,0.06,-0.04
5.776,0.13,0.06,-0.04
5.778,0.12,0.06,-0.04
5.779,0.11,0.06,-0.03
5.783,0.11,0.06,-0.03
5.795,0.1,0.06,-0.03
5.796,0.1,0.06,-0.03
5.799,0.09,0.06,-0.03
5.819,0.09,0.06,-0.02
5.82,0.08,0.07,-0.02
5.821,0.08,0.08,-0.02
5.823,0.08,0.09,-0.02
5.824,0.07,0.09,-0.02
5.827,0.06,0.08,-0.02
5.832,0.05,0.08,-0.03
5.845,0.04,0.07,-0.03
5.846,0.03,0.06,-0.03
5.847,0.02,0.05,-0.04
5.869,0.01,0.04,-0.04
5.871,-0.01,0.02,-0.04
5.872,-0.02,0.01,-0.04
5.873,-0.04,-0.01,-0.04
5.875,-0.05,-0.02,-0.04
5.876,-0.07,-0.03,-0.04
5.881,-0.08,-0.03,-0.04
5.896,-0.09,-0.04,-0.03
5.897,-0.09,-0.05,-0.03
5.898,-0.09,-0.06,-0.03
5.901,-0.08,-0.06,-0.02
5.921,-0.07,-0.07,-0.02
5.926,-0.06,-0.07,-0.02
5.927,-0.06,-0.08,-0.02
5.928,-0.05,-0.08,-0.02
5.93,-0.04,-0.08,-0.02
5.931,-0.03,-0.07,-0.02
5.949,-0.04,-0.07,-0.01
5.95,-0.04,-0.07,-0.01
5.951,-0.04,-0.08,-0.01
5.952,-0.04,-0.09,-0.01
5.973,-0.04,-0.1,-0.01
5.975,-0.04,-0.11,-0.02
5.976,-0.03,-0.11,-0.02
5.977,-0.03,-0.11,-0.02
5.979,-0.02,-0.11,-0.03
5.98,-0.02,-0.1,-0.03
5.995,-0.01,-0.1,-0.03
5.997,-0.01,-0.09,-0.03
5.998,-0.01,-0.08,-0.03
5.999,0,-0.07,-0.02
6.021,0,-0.05,-0.02
6.023,0,-0.04,-0.02
6.024,0,-0.03,-0.02
6.025,0.01,-0.02,-0.01
6.026,0.02,-0.01,-0.01
6.029,0.02,-0.01,-0.01
6.034,0.03,-0.01,-0.02
6.046,0.03,-0.03,-0.02
6.047,0.03,-0.04,-0.02
6.049,0.03,-0.04,-0.02
6.073,0.02,-0.04,-0.01
6.074,0.02,-0.04,-0.01
6.075,0.01,-0.04,-0.01
6.077,0.01,-0.03,0
6.078,0,-0.02,0
6.079,-0.01,-0.01,0
6.083,-0.02,0,0
6.095,-0.02,0.02,0
6.097,-0.03,0.03,0
6.098,-0.04,0.04,0
6.123,-0.04,0.04,0
6.125,-0.04,0.04,0
6.126,-0.04,0.03,0
6.127,-0.04,0.02,0
6.128,-0.04,0.02,0
6.129,-0.04,0.01,-0.01
6.132,-0.03,0.01,-0.01
6.148,-0.03,0.01,-0.01
6.149,-0.02,0.01,0
6.152,-0.02,0.02,0
6.153,-0.02,0.02,0.01
6.165,-0.02,0.04,0.02
6.166,-0.02,0.05,0.02
6.168,-0.02,0.06,0.02
6.192,-0.02,0.06,0.03
6.194,-0.02,0.05,0.03
6.195,-0.01,0.03,0.03
6.196,-0.01,0.02,0.03
6.197,0,0.01,0.03
6.198,0.01,0,0.02
6.221,0.01,0,0.02
6.222,0.01,0.01,0.02
6.223,0.01,0.02,0.02
6.224,0.02,0.02,0.01
6.225,0.01,0.02,0.01
6.226,0.01,0.02,0.01
6.231,0.01,0.01,0.01
6.246,0.01,0,0.01
6.247,0.01,-0.02,0.01
6.248,0.01,-0.02,0.01
6.251,0.01,-0.03,0
6.275,0.01,-0.03,0.01
6.276,0.01,-0.04,0.01
6.277,0.01,-0.05,0
6.279,0.01,-0.06,0
6.281,0.01,-0.06,0
6.282,0.01,-0.06,0
6.285,0.01,-0.05,0.01
6.298,0.01,-0.05,0.01
6.299,0.01,-0.06,0.01
6.3,0.01,-0.07,0.02
6.328,0.01,-0.08,0.02
6.33,0.01,-0.09,0.01
6.331,0.01,-0.1,0.01
6.332,0,-0.1,0.01
6.333,0,-0.11,0.01
6.335,0,-0.11,0.01
6.336,0,-0.1,0.01
6.349,0.01,-0.1,0.01
6.35,0.01,-0.09,0.01
6.351,0.01,-0.09,0.01
6.378,0.01,-0.09,0.01
6.379,0.02,-0.1,0.01
6.38,0.02,-0.11,0.01
6.381,0.03,-0.12,0.01
6.382,0.03,-0.11,0.01
6.383,0.03,-0.08,0.01
6.384,0.03,-0.06,0.01
6.404,0.02,-0.03,0.01
6.405,0.02,-0.02,0.02
6.407,0.02,0,0.02
6.415,0.01,0.02,0.02
6.417,0,0.03,0.03
6.419,0,0.05,0.04
6.421,0,0.07,0.05
6.423,0.01,0.1,0.06
6.438,0.02,0.13,0.07
6.44,0.04,0.17,0.07
6.442,0.05,0.21,0.07
6.443,0.07,0.29,0.08
6.448,0.09,0.4,0.07
6.467,0.1,0.53,0.07
6.468,0.1,0.68,0.08
6.47,0.09,0.83,0.08
6.471,0.09,0.98,0.09
6.472,0.09,1.12,0.11
6.494,0.08,1.3,0.12
6.496,0.08,1.48,0.14
6.497,0.08,1.67,0.15
6.498,0.08,1.88,0.15
6.499,0.09,2.1,0.15
6.501,0.11,2.35,0.13
6.52,0.14,2.64,0.1
6.521,0.17,2.99,0.09
6.522,0.21,3.4,0.09
6.523,0.26,3.87,0.09
6.526,0.3,4.36,0.11
6.531,0.33,4.83,0.12
6.545,0.36,5.29,0.13
6.546,0.42,5.77,0.13
6.547,0.48,6.27,0.13
6.551,0.55,6.8,0.13
6.578,0.62,7.31,0.11
6.58,0.68,7.83,0.09
6.581,0.73,8.37,0.08
6.582,0.75,8.92,0.07
6.583,0.75,9.46,0.04
6.585,0.73,9.96,0
6.586,0.72,10.4,-0.02
6.611,0.72,10.74,-0.04
6.613,0.73,10.95,-0.06
6.614,0.73,11.06,-0.1
6.615,0.71,11.15,-0.16
6.616,0.66,11.23,-0.24
6.618,0.61,11.31,-0.33
6.63,0.52,11.3,-0.42
6.632,0.39,11.18,-0.54
6.633,0.26,10.98,-0.65
6.634,0.16,10.74,-0.73
6.655,0.11,10.43,-0.76
6.656,0.12,10.01,-0.79
6.658,0.16,9.48,-0.84
6.659,0.21,8.9,-0.88
6.66,0.22,8.28,-0.87
6.664,0.16,7.53,-0.83
6.68,0.03,6.67,-0.79
6.682,-0.14,5.85,-0.71
6.683,-0.31,5.09,-0.61
6.685,-0.46,4.43,-0.53
6.707,-0.56,3.86,-0.46
6.708,-0.62,3.43,-0.37
6.709,-0.63,3.1,-0.28
6.71,-0.6,2.83,-0.22
6.711,-0.56,2.62,-0.15
6.713,-0.5,2.47,-0.07
6.72,-0.45,2.37,0.02
6.732,-0.43,2.3,0.11
6.733,-0.44,2.25,0.18
6.734,-0.48,2.18,0.22
6.748,-0.51,2.08,0.24
6.75,-0.53,1.96,0.25
6.751,-0.53,1.85,0.25
6.774,-0.5,1.75,0.24
6.775,-0.43,1.65,0.21
6.776,-0.33,1.55,0.17
6.778,-0.23,1.45,0.14
6.779,-0.14,1.36,0.11
6.78,-0.07,1.27,0.09
6.783,-0.01,1.17,0.06
6.79,0.03,1.05,0.05
6.792,0.07,0.9,0.04
6.797,0.1,0.71,0.03
6.802,0.13,0.52,0.02
6.815,0.16,0.32,0.02
6.817,0.18,0.11,0.02
6.818,0.2,-0.09,0.03
6.848,0.23,-0.3,0.03
6.85,0.25,-0.51,0.04
6.851,0.25,-0.7,0.04
6.852,0.25,-0.88,0.04
6.853,0.25,-1.06,0.05
6.855,0.23,-1.25,0.06
6.856,0.22,-1.47,0.07
6.857,0.19,-1.72,0.08
6.868,0.15,-2.01,0.09
6.869,0.1,-2.36,0.11
6.905,0.04,-2.76,0.14
6.906,-0.03,-3.24,0.18
6.907,-0.11,-3.76,0.21
6.908,-0.18,-4.31,0.25
6.909,-0.24,-4.9,0.28
6.914,-0.29,-5.51,0.32
6.915,-0.33,-6.14,0.36
6.916,-0.36,-6.78,0.41
6.917,-0.37,-7.43,0.49
6.918,-0.36,-8.08,0.57
6.92,-0.35,-8.72,0.65
6.931,-0.34,-9.33,0.71
6.933,-0.35,-9.85,0.73
6.962,-0.37,-10.28,0.72
6.963,-0.39,-10.67,0.7
6.965,-0.41,-11.05,0.67
6.966,-0.45,-11.45,0.61
6.968,-0.51,-11.87,0.53
6.969,-0.57,-12.3,0.44
6.97,-0.65,-12.68,0.32
6.972,-0.72,-12.98,0.2
6.989,-0.79,-13.18,0.08
6.99,-0.86,-13.26,-0.02
6.992,-0.9,-13.2,-0.11
6.993,-0.92,-13.01,-0.18
6.995,-0.92,-12.72,-0.25
6.999,-0.88,-12.35,-0.29
7.014,-0.82,-11.89,-0.28
7.015,-0.73,-11.29,-0.19
7.017,-0.62,-10.55,-0.06
7.019,-0.5,-9.73,0.07
7.042,-0.38,-8.9,0.16
7.044,-0.27,-8.14,0.22
7.045,-0.17,-7.48,0.23
7.046,-0.08,-6.9,0.23
7.048,-0.03,-6.39,0.22
7.049,0,-5.94,0.21
7.069,0.01,-5.53,0.2
7.07,0.03,-5.1,0.18
7.072,0.06,-4.66,0.16
7.073,0.11,-4.23,0.12
7.075,0.15,-3.84,0.08
7.089,0.18,-3.49,0.03
7.09,0.19,-3.21,-0.01
7.091,0.21,-2.97,-0.04
7.092,0.2,-2.77,-0.07
7.098,0.19,-2.6,-0.09
7.104,0.18,-2.44,-0.11
7.115,0.17,-2.29,-0.14
7.117,0.16,-2.13,-0.17
7.118,0.14,-1.97,-0.19
7.124,0.1,-1.78,-0.2
7.127,0.05,-1.58,-0.2
7.132,0,-1.38,-0.18
7.137,-0.04,-1.17,-0.16
7.148,-0.08,-0.97,-0.14
7.15,-0.13,-0.79,-0.12
7.152,-0.17,-0.66,-0.1
7.172,-0.21,-0.58,-0.1
7.173,-0.24,-0.52,-0.1
7.174,-0.27,-0.49,-0.11
7.175,-0.29,-0.44,-0.11
7.176,-0.31,-0.39,-0.11
7.181,-0.32,-0.33,-0.1
7.186,-0.33,-0.28,-0.1
7.199,-0.35,-0.23,-0.1
7.201,-0.37,-0.2,-0.1
7.202,-0.38,-0.18,-0.1
7.223,-0.39,-0.18,-0.08
7.225,-0.39,-0.2,-0.07
7.226,-0.37,-0.23,-0.07
7.227,-0.35,-0.26,-0.06
7.229,-0.31,-0.3,-0.06
7.231,-0.28,-0.32,-0.07
7.236,-0.24,-0.31,-0.07
7.249,-0.2,-0.28,-0.08
7.25,-0.16,-0.23,-0.07
7.251,-0.12,-0.18,-0.06
7.275,-0.09,-0.13,-0.05
7.277,-0.07,-0.09,-0.04
7.278,-0.05,-0.06,-0.03
7.28,-0.02,-0.04,-0.03
7.281,0,-0.04,-0.02
7.282,0.03,-0.06,-0.01
7.285,0.05,-0.09,0
7.3,0.07,-0.12,0
7.301,0.07,-0.16,-0.01
7.302,0.07,-0.21,-0.01
7.326,0.07,-0.25,-0.01
7.328,0.07,-0.27,-0.02
7.329,0.07,-0.26,-0.02
7.33,0.07,-0.23,-0.03
7.33,0.06,-0.19,-0.03
7.331,0.06,-0.13,-0.03
7.334,0.06,-0.05,-0.03
7.35,0.06,0.03,-0.03
7.351,0.06,0.11,-0.04
7.352,0.05,0.18,-0.04
7.354,0.03,0.23,-0.04
7.38,0.02,0.25,-0.04
7.381,0,0.26,-0.04
7.382,-0.01,0.24,-0.04
7.384,-0.01,0.21,-0.04
7.385,-0.02,0.18,-0.03
7.386,-0.03,0.17,-0.03
7.392,-0.04,0.19,-0.02
7.393,-0.04,0.23,-0.02
7.409,-0.03,0.3,0
7.411,-0.01,0.4,0.01
7.413,0.01,0.52,0.02
7.417,0.04,0.68,0.03
7.421,0.06,0.87,0.04
7.433,0.07,1.06,0.05
7.435,0.09,1.29,0.05
7.436,0.11,1.54,0.05
7.438,0.14,1.84,0.04
7.471,0.16,2.18,0.03
7.473,0.18,2.59,0.02
7.474,0.21,3.06,0.01
7.475,0.23,3.59,-0.01
7.476,0.25,4.16,-0.02
7.477,0.26,4.78,-0.05
7.478,0.26,5.47,-0.06
7.479,0.25,6.21,-0.06
7.482,0.23,6.94,-0.04
7.487,0.18,7.59,-0.01
7.492,0.14,8.13,0.03
7.497,0.1,8.59,0.06
7.502,0.06,8.99,0.09
7.518,0.02,9.35,0.13
7.519,-0.01,9.65,0.17
7.521,-0.01,9.84,0.22
7.523,0,9.92,0.28
7.548,0.03,9.95,0.32
7.549,0.05,10,0.36
7.551,0.05,10.08,0.4
7.552,0.02,10.23,0.42
7.553,-0.03,10.44,0.44
7.554,-0.1,10.68,0.45
7.568,-0.18,10.88,0.45
7.569,-0.25,11.03,0.45
7.57,-0.28,11.18,0.44
7.571,-0.25,11.31,0.43
7.585,-0.15,11.34,0.44
7.586,0,11.21,0.46
7.588,0.15,10.91,0.47
7.61,0.31,10.48,0.47
7.612,0.46,9.97,0.47
7.613,0.56,9.39,0.45
7.614,0.64,8.79,0.41
7.615,0.71,8.23,0.37
7.616,0.74,7.66,0.32
7.62,0.71,7.05,0.29
7.625,0.63,6.37,0.27
7.629,0.51,5.67,0.27
7.635,0.36,5.04,0.28
7.65,0.2,4.53,0.27
7.651,0.05,4.2,0.25
7.652,-0.06,4,0.24
7.654,-0.13,3.9,0.22
7.68,-0.16,3.86,0.2
7.681,-0.16,3.79,0.2
7.682,-0.12,3.67,0.22
7.684,-0.07,3.45,0.24
7.685,-0.01,3.13,0.24
7.686,0.04,2.77,0.21
7.689,0.08,2.42,0.19
7.702,0.1,2.11,0.16
7.705,0.11,1.81,0.14
7.706,0.1,1.5,0.12
7.73,0.1,1.19,0.1
7.731,0.11,0.89,0.07
7.733,0.12,0.63,0.05
7.734,0.14,0.42,0.04
7.734,0.16,0.27,0.03
7.735,0.18,0.16,0.04
7.738,0.2,0.09,0.04
7.755,0.22,0.05,0.05
7.757,0.24,0.04,0.05
7.758,0.25,0.04,0.04
7.76,0.26,0.03,0.04
7.763,0.26,0.01,0.03
7.768,0.26,-0.02,0.02
7.772,0.25,-0.08,0.02
7.784,0.23,-0.16,0.01
7.786,0.21,-0.29,0.01
7.787,0.19,-0.42,0.01
7.811,0.17,-0.57,0.02
7.812,0.15,-0.74,0.03
7.814,0.14,-0.91,0.03
7.815,0.14,-1.09,0.03
7.816,0.14,-1.27,0.03
7.817,0.13,-1.47,0.03
7.821,0.12,-1.66,0.02
7.835,0.11,-1.86,0.01
7.836,0.09,-2.09,0
7.838,0.06,-2.34,-0.01
7.863,0.02,-2.64,-0.01
7.864,-0.04,-2.97,-0.01
7.865,-0.09,-3.33,0
7.867,-0.16,-3.71,0
7.868,-0.23,-4.12,0
7.869,-0.3,-4.59,-0.01
7.871,-0.35,-5.14,-0.01
7.887,-0.41,-5.76,-0.03
7.899,-0.46,-6.44,-0.07
7.9,-0.51,-7.17,-0.1
7.901,-0.55,-7.93,-0.14
7.902,-0.59,-8.7,-0.2
7.903,-0.63,-9.48,-0.29
7.915,-0.66,-10.25,-0.38
7.917,-0.71,-10.95,-0.44
7.918,-0.75,-11.57,-0.46
7.92,-0.79,-12.1,-0.47
7.934,-0.86,-12.5,-0.49
7.936,-0.92,-12.76,-0.52
7.937,-0.98,-12.92,-0.54
7.958,-1.02,-13,-0.58
7.959,-1.05,-12.96,-0.63
7.961,-1.06,-12.8,-0.68
7.962,-1.05,-12.51,-0.71
7.963,-1.02,-12.11,-0.72
7.964,-0.96,-11.59,-0.71
7.969,-0.89,-10.99,-0.68
7.984,-0.81,-10.34,-0.61
7.986,-0.69,-9.61,-0.49
7.987,-0.54,-8.82,-0.34
8.01,-0.38,-7.97,-0.19
8.012,-0.25,-7.12,-0.11
8.013,-0.15,-6.31,-0.09
8.015,-0.09,-5.58,-0.1
8.016,-0.04,-4.96,-0.11
8.017,-0.03,-4.46,-0.13
8.019,-0.03,-4.07,-0.15
8.035,-0.02,-3.78,-0.15
8.036,0,-3.56,-0.16
8.037,0.03,-3.37,-0.17
8.039,0.09,-3.18,-0.18
8.062,0.15,-2.96,-0.19
8.063,0.21,-2.69,-0.2
8.065,0.26,-2.39,-0.22
8.066,0.27,-2.1,-0.23
8.067,0.27,-1.83,-0.23
8.068,0.25,-1.61,-0.22
8.084,0.22,-1.45,-0.21
8.085,0.21,-1.34,-0.2
8.087,0.2,-1.27,-0.18
8.088,0.21,-1.22,-0.17
8.114,0.22,-1.16,-0.15
8.115,0.22,-1.09,-0.14
8.116,0.2,-1.01,-0.12
8.118,0.17,-0.92,-0.1
8.119,0.13,-0.82,-0.08
8.12,0.08,-0.7,-0.06
8.122,0.03,-0.6,-0.04
8.136,-0.01,-0.51,-0.03
8.138,-0.06,-0.45,-0.02
8.139,-0.1,-0.4,-0.01
8.17,-0.14,-0.38,-0.02
8.171,-0.16,-0.38,-0.01
8.172,-0.17,-0.39,0
8.173,-0.17,-0.41,0.01
8.174,-0.16,-0.44,0.02
8.175,-0.14,-0.49,0.02
8.176,-0.13,-0.53,0.01
8.177,-0.11,-0.57,0
8.189,-0.09,-0.6,0.01
8.19,-0.06,-0.65,0.01
8.218,-0.03,-0.71,0.01
8.219,-0.01,-0.77,0.01
8.22,0.01,-0.8,0.01
8.221,0.03,-0.8,0.02
8.222,0.04,-0.78,0.03
8.224,0.05,-0.71,0.03
8.225,0.06,-0.61,0.02
8.244,0.05,-0.49,0.02
8.245,0.05,-0.38,0.02
8.246,0.03,-0.28,0.03
8.247,0.02,-0.21,0.03
8.248,0.01,-0.17,0.03
8.252,0,-0.17,0.02
8.255,0,-0.2,0.01
8.263,0.02,-0.26,0.01
8.265,0.02,-0.33,0.01
8.269,0.02,-0.41,0
8.286,0.01,-0.46,0
8.287,0,-0.5,0
8.288,-0.02,-0.52,0.02
8.29,-0.03,-0.54,0.03
8.313,-0.03,-0.55,0.03
8.314,-0.03,-0.54,0.03
8.315,-0.02,-0.49,0.04
8.317,-0.01,-0.41,0.04
8.318,0,-0.31,0.05
8.319,0.01,-0.21,0.05
8.324,0.02,-0.11,0.05
8.336,0.02,-0.01,0.05
8.337,0.02,0.09,0.05
8.338,0.01,0.19,0.05
8.365,0.01,0.28,0.05
8.366,0,0.37,0.04
8.367,0,0.45,0.04
8.369,0,0.53,0.03
8.37,0,0.6,0.03
8.371,0,0.66,0.03
8.383,0.01,0.72,0.03
8.384,0.01,0.77,0.03
8.385,0.03,0.83,0.03
8.388,0.04,0.91,0.04
8.4,0.05,1.01,0.04
8.4,0.06,1.13,0.04
8.402,0.07,1.29,0.05
8.434,0.08,1.47,0.05
8.435,0.08,1.69,0.06
8.436,0.07,1.95,0.06
8.437,0.07,2.25,0.06
8.438,0.08,2.59,0.06
8.439,0.1,2.98,0.05
8.44,0.13,3.41,0.05
8.471,0.17,3.88,0.04
8.472,0.22,4.39,0.02
8.474,0.27,4.93,-0.02
8.475,0.34,5.49,-0.07
8.476,0.42,6.08,-0.1
8.478,0.48,6.71,-0.1
8.479,0.51,7.35,-0.09
8.48,0.51,8,-0.07
8.482,0.48,8.62,-0.06
8.498,0.43,9.24,-0.06
8.5,0.37,9.8,-0.08
8.501,0.31,10.27,-0.1
8.502,0.24,10.62,-0.11
8.506,0.17,10.85,-0.09
8.526,0.12,10.93,-0.04
8.527,0.07,10.94,0.01
8.529,0.05,10.92,0.05
8.53,0.06,10.89,0.11
8.531,0.07,10.86,0.21
8.536,0.12,10.84,0.34
8.54,0.24,10.79,0.46
8.551,0.39,10.73,0.54
8.553,0.56,10.71,0.56
8.555,0.72,10.78,0.54
8.569,0.88,10.98,0.52
8.57,1.01,11.24,0.48
8.571,1.1,11.5,0.42
8.595,1.15,11.66,0.32
8.597,1.15,11.63,0.2
8.598,1.1,11.32,0.11
8.599,1.04,10.78,0.06
8.6,0.97,10.06,0.01
8.601,0.86,9.2,-0.04
8.605,0.69,8.23,-0.08
8.619,0.47,7.25,-0.1
8.621,0.21,6.31,-0.1
8.622,-0.05,5.43,-0.08
8.649,-0.31,4.65,-0.05
8.651,-0.49,4.03,-0.03
8.651,-0.58,3.53,-0.03
8.652,-0.55,3.1,-0.06
8.653,-0.45,2.73,-0.13
8.654,-0.29,2.41,-0.2
8.655,-0.13,2.15,-0.24
8.67,0.03,2,-0.25
8.671,0.17,1.91,-0.25
8.672,0.27,1.83,-0.27
8.7,0.34,1.78,-0.26
8.702,0.36,1.74,-0.22
8.703,0.34,1.71,-0.18
8.704,0.31,1.64,-0.14
8.705,0.26,1.54,-0.1
8.706,0.21,1.39,-0.07
8.708,0.16,1.21,-0.05
8.709,0.13,0.97,-0.02
8.722,0.08,0.69,0.02
8.724,0.04,0.38,0.07
8.725,0.01,0.08,0.1
8.751,0.01,-0.18,0.13
8.752,0.03,-0.4,0.14
8.754,0.06,-0.59,0.16
8.755,0.11,-0.73,0.16
8.756,0.17,-0.85,0.16
8.757,0.22,-0.95,0.14
8.776,0.27,-1.03,0.13
8.778,0.3,-1.13,0.12
8.779,0.33,-1.24,0.11
8.78,0.32,-1.35,0.09
8.781,0.3,-1.48,0.08
8.782,0.26,-1.61,0.06
8.787,0.22,-1.76,0.05
8.803,0.17,-1.93,0.04
8.804,0.12,-2.13,0.03
8.805,0.08,-2.35,0.02
8.806,0.04,-2.6,0.02
8.831,0,-2.89,0.03
8.832,-0.04,-3.24,0.05
8.833,-0.09,-3.66,0.08
8.834,-0.15,-4.13,0.11
8.836,-0.23,-4.67,0.15
8.837,-0.31,-5.24,0.18
8.853,-0.39,-5.85,0.2
8.855,-0.46,-6.48,0.23
8.856,-0.52,-7.09,0.25
8.857,-0.56,-7.7,0.26
8.881,-0.58,-8.28,0.24
8.886,-0.6,-8.86,0.23
8.887,-0.61,-9.44,0.2
8.889,-0.61,-10.03,0.18
8.89,-0.6,-10.56,0.16
8.891,-0.6,-11.03,0.13
8.893,-0.59,-11.44,0.09
8.906,-0.57,-11.79,0.03
8.907,-0.56,-12.08,-0.05
8.909,-0.56,-12.28,-0.11
8.91,-0.58,-12.38,-0.14
8.936,-0.62,-12.39,-0.16
8.938,-0.67,-12.28,-0.17
8.939,-0.71,-12.04,-0.17
8.94,-0.75,-11.67,-0.16
8.942,-0.77,-11.15,-0.14
8.944,-0.76,-10.46,-0.12
8.945,-0.73,-9.64,-0.06
8.958,-0.68,-8.73,0.02
8.959,-0.61,-7.79,0.1
8.961,-0.53,-6.88,0.18
8.964,-0.44,-6.06,0.23
8.969,-0.34,-5.38,0.25
8.974,-0.26,-4.85,0.23
8.991,-0.19,-4.45,0.21
8.993,-0.12,-4.13,0.18
8.994,-0.07,-3.88,0.16
8.994,-0.05,-3.67,0.13
8.999,-0.04,-3.47,0.11
9.004,-0.04,-3.26,0.08
9.009,-0.04,-3.01,0.06
9.021,-0.05,-2.75,0.03
9.022,-0.05,-2.49,0
9.023,-0.04,-2.25,-0.02
9.048,-0.02,-2.02,-0.05
9.05,0,-1.8,-0.07
9.051,0.02,-1.6,-0.08
9.052,0.05,-1.44,-0.07
9.053,0.08,-1.31,-0.07
9.054,0.1,-1.23,-0.08
9.059,0.12,-1.17,-0.08
9.074,0.13,-1.11,-0.08
9.075,0.13,-1.06,-0.08
9.076,0.13,-0.99,-0.08
9.089,0.12,-0.94,-0.08
9.091,0.11,-0.88,-0.08
9.092,0.08,-0.83,-0.07
9.093,0.04,-0.76,-0.06
9.119,0.02,-0.69,-0.04
9.121,0,-0.62,-0.03
9.122,0,-0.56,-0.01
9.123,0,-0.54,0
9.124,0,-0.53,0
9.125,0,-0.54,0.01
9.138,0,-0.56,0.01
9.14,-0.01,-0.56,0.01
9.141,-0.01,-0.53,0
9.167,-0.02,-0.5,0
9.168,-0.02,-0.47,0
9.169,-0.04,-0.42,-0.01
9.171,-0.05,-0.36,-0.01
9.172,-0.07,-0.32,-0.02
9.173,-0.1,-0.28,-0.03
9.174,-0.12,-0.24,-0.03
9.18,-0.14,-0.2,-0.03
9.181,-0.15,-0.18,-0.03
9.188,-0.15,-0.15,-0.02
9.191,-0.14,-0.14,-0.01
9.204,-0.11,-0.13,0
9.205,-0.08,-0.13,0.01
9.208,-0.05,-0.14,0.01
9.234,-0.03,-0.15,0.01
9.235,-0.01,-0.16,0.02
9.237,0,-0.17,0.03
9.238,0.01,-0.19,0.03
9.24,0.01,-0.2,0.03
9.241,0.01,-0.19,0.03
9.242,0.01,-0.18,0.03
9.257,0,-0.18,0.02
9.266,-0.01,-0.16,0.02
9.267,-0.02,-0.15,0.02
9.268,-0.03,-0.15,0.02
9.269,-0.05,-0.13,0.02
9.27,-0.07,-0.1,0.02
9.296,-0.08,-0.06,0.02
9.298,-0.09,-0.04,0.01
9.299,-0.1,-0.03,0.01
9.3,-0.09,-0.04,0.01
9.301,-0.09,-0.05,0.01
9.302,-0.08,-0.07,0.01
9.304,-0.06,-0.09,0.01
9.309,-0.04,-0.11,0.02
9.323,-0.03,-0.12,0.01
9.324,-0.02,-0.12,0.01
9.326,-0.01,-0.12,0.01
9.356,-0.01,-0.1,0.01
9.357,0,-0.09,0.02
9.359,0,-0.07,0.02
9.36,0,-0.07,0.02
9.361,0.01,-0.06,0.02
9.362,0.01,-0.04,0.01
9.372,0.02,-0.02,0
9.373,0.03,0.01,0
9.374,0.04,0.04,0
9.375,0.05,0.08,-0.01
9.387,0.06,0.13,-0.01
9.389,0.07,0.17,-0.01
9.39,0.09,0.24,-0.01
9.392,0.09,0.31,-0.01
9.406,0.1,0.39,-0.02
9.408,0.11,0.49,-0.02
9.409,0.11,0.59,-0.03
9.44,0.13,0.71,-0.04
9.441,0.13,0.82,-0.04
9.442,0.13,0.96,-0.04
9.443,0.13,1.13,-0.04
9.444,0.13,1.33,-0.03
9.445,0.13,1.57,-0.01
9.446,0.13,1.84,0
9.448,0.13,2.15,0.02
9.472,0.14,2.48,0.03
9.473,0.18,2.83,0.04
9.474,0.23,3.18,0.05
9.475,0.29,3.56,0.07
9.476,0.34,4,0.09
9.478,0.4,4.48,0.09
9.496,0.46,4.96,0.08
9.497,0.52,5.46,0.06
9.499,0.57,6,0.05
9.5,0.62,6.59,0.02
9.501,0.67,7.23,-0.04
9.506,0.71,7.92,-0.12
9.522,0.74,8.65,-0.2
9.524,0.76,9.4,-0.29
9.525,0.78,10.16,-0.36
9.527,0.78,10.93,-0.4
9.551,0.77,11.72,-0.43
9.552,0.76,12.51,-0.47
9.553,0.73,13.22,-0.53
9.554,0.64,13.83,-0.61
9.555,0.52,14.36,-0.64
9.556,0.37,14.77,-0.61
9.571,0.23,15.02,-0.55
9.573,0.11,15.1,-0.49
9.574,0.04,15.01,-0.41
9.575,0.01,14.81,-0.34
9.594,0.05,14.53,-0.32
9.595,0.16,14.18,-0.32
9.596,0.34,13.81,-0.34
9.597,0.55,13.37,-0.37
9.6,0.75,12.83,-0.39
9.604,0.93,12.17,-0.41
9.609,1.04,11.35,-0.49
9.621,1.07,10.42,-0.58
9.623,1.01,9.4,-0.64
9.624,0.81,8.29,-0.68
9.655,0.5,7.17,-0.7
9.657,0.13,6.08,-0.67
9.659,-0.27,5.06,-0.58
9.66,-0.64,4.07,-0.47
9.661,-0.92,3.07,-0.35
9.663,-1.06,2.06,-0.24
9.664,-1.08,1.14,-0.16
9.665,-1.02,0.41,-0.12
9.678,-0.88,-0.1,-0.12
9.679,-0.72,-0.42,-0.12
9.681,-0.58,-0.63,-0.1
9.688,-0.44,-0.74,-0.09
9.69,-0.31,-0.73,-0.11
9.693,-0.17,-0.63,-0.11
9.706,-0.05,-0.47,-0.09
9.708,0.06,-0.28,-0.07
9.709,0.15,-0.09,-0.04
9.724,0.22,0.09,0
9.725,0.27,0.26,0.04
9.726,0.3,0.37,0.07
9.753,0.33,0.42,0.1
9.754,0.35,0.39,0.14
9.756,0.37,0.3,0.17
9.757,0.38,0.14,0.2
9.758,0.39,-0.08,0.23
9.759,0.39,-0.35,0.25
9.76,0.38,-0.65,0.28
9.773,0.37,-0.97,0.3
9.775,0.35,-1.28,0.31
9.776,0.32,-1.58,0.32
9.778,0.29,-1.87,0.33
9.802,0.25,-2.13,0.34
9.804,0.21,-2.36,0.35
9.805,0.17,-2.58,0.36
9.806,0.13,-2.79,0.37
9.807,0.09,-3,0.38
9.808,0.05,-3.2,0.39
9.832,0.02,-3.39,0.39
9.833,-0.01,-3.57,0.37
9.835,-0.04,-3.73,0.35
9.836,-0.06,-3.88,0.34
9.837,-0.08,-4.04,0.31
9.838,-0.08,-4.21,0.28
9.843,-0.07,-4.42,0.26
9.86,-0.05,-4.67,0.24
9.865,-0.03,-4.99,0.24
9.867,0,-5.44,0.26
9.868,0.02,-6.01,0.3
9.869,0.04,-6.68,0.36
9.87,0.04,-7.4,0.44
9.875,0.04,-8.15,0.53
9.89,0.04,-8.91,0.6
9.891,0.02,-9.66,0.68
9.892,0.01,-10.36,0.77
9.919,0,-11.01,0.88
9.921,-0.01,-11.62,0.97
9.923,-0.04,-12.16,1.03
9.924,-0.07,-12.61,1.06
9.925,-0.09,-12.96,1.08
9.926,-0.13,-13.26,1.11
9.929,-0.21,-13.43,1.12
9.931,-0.33,-13.55,1.09
9.951,-0.45,-13.63,1.05
9.953,-0.58,-13.69,1
9.954,-0.7,-13.7,0.93
9.955,-0.81,-13.61,0.85
9.957,-0.91,-13.38,0.77
9.959,-1,-12.96,0.68
9.974,-1.05,-12.35,0.59
9.975,-1.04,-11.58,0.49
9.977,-0.97,-10.69,0.38
10.005,-0.87,-9.68,0.29
10.007,-0.73,-8.55,0.27
10.009,-0.57,-7.35,0.27
10.01,-0.4,-6.22,0.26
10.012,-0.26,-5.24,0.25
10.013,-0.13,-4.43,0.24
10.014,-0.05,-3.78,0.23
10.016,-0.03,-3.29,0.22
10.036,-0.09,-2.95,0.21
10.038,-0.19,-2.74,0.21
10.039,-0.31,-2.62,0.21
10.04,-0.42,-2.51,0.2
10.041,-0.52,-2.4,0.19
10.043,-0.59,-2.26,0.16
10.056,-0.61,-2.08,0.13
10.058,-0.61,-1.87,0.1
10.059,-0.59,-1.65,0.08
10.085,-0.54,-1.45,0.05
10.086,-0.49,-1.26,0.03
10.087,-0.45,-1.11,0.02
10.089,-0.41,-0.97,0.01
10.09,-0.38,-0.86,0
10.091,-0.35,-0.8,-0.01
10.092,-0.34,-0.77,-0.02
10.113,-0.33,-0.78,-0.03
10.114,-0.33,-0.81,-0.03
10.115,-0.33,-0.86,-0.02
10.117,-0.34,-0.92,-0.02
10.118,-0.35,-0.96,-0.02
10.121,-0.35,-0.96,-0.01
10.126,-0.34,-0.9,0
10.139,-0.32,-0.83,0.02
10.14,-0.31,-0.74,0.03
10.142,-0.29,-0.65,0.03
10.146,-0.29,-0.6,0.03
10.168,-0.29,-0.58,0.04
10.169,-0.29,-0.6,0.05
10.171,-0.3,-0.63,0.05
10.172,-0.3,-0.63,0.05
10.173,-0.3,-0.62,0.04
10.176,-0.3,-0.6,0.04
10.191,-0.28,-0.56,0.03
10.192,-0.27,-0.5,0.02
10.193,-0.24,-0.48,0.01
10.22,-0.21,-0.46,0.01
10.221,-0.18,-0.44,0.01
10.222,-0.14,-0.43,0
10.224,-0.11,-0.42,0
10.225,-0.08,-0.41,0
10.226,-0.05,-0.39,0
10.227,-0.03,-0.37,-0.01
10.24,-0.03,-0.33,0
10.242,-0.03,-0.27,0
10.243,-0.04,-0.2,0
10.273,-0.07,-0.12,0
10.274,-0.1,-0.07,-0.01
10.275,-0.13,-0.03,-0.01
10.276,-0.15,-0.02,0
10.277,-0.15,-0.05,-0.01
10.277,-0.15,-0.08,-0.02
10.279,-0.14,-0.12,-0.03
10.28,-0.13,-0.15,-0.04
10.293,-0.12,-0.14,-0.05
10.294,-0.1,-0.11,-0.06
10.324,-0.09,-0.06,-0.07
10.325,-0.07,0,-0.07
10.326,-0.05,0.06,-0.07
10.327,-0.03,0.12,-0.06
10.329,-0.02,0.17,-0.06
10.331,0,0.23,-0.05
10.332,0,0.29,-0.05
10.333,0,0.35,-0.04
10.334,0,0.4,-0.03
10.349,-0.01,0.45,-0.02
10.356,-0.01,0.49,-0.01
10.359,-0.02,0.51,0
10.36,-0.04,0.52,0
10.361,-0.07,0.54,0
10.373,-0.09,0.57,0.01
10.375,-0.1,0.63,0.01
10.376,-0.12,0.7,0.02
10.378,-0.13,0.79,0.02
10.39,-0.14,0.89,0.02
10.391,-0.14,1.01,0.03
10.392,-0.14,1.13,0.03
10.44,-0.14,1.27,0.02
10.441,-0.14,1.41,0.02
10.442,-0.15,1.57,0.01
10.443,-0.14,1.74,0
10.444,-0.13,1.91,-0.01
10.445,-0.11,2.1,-0.02
10.446,-0.09,2.28,0
10.447,-0.07,2.48,0.02
10.448,-0.04,2.68,0.04
10.449,-0.02,2.89,0.05
10.449,0.01,3.13,0.06
10.461,0.03,3.4,0.07
10.462,0.05,3.71,0.08
10.464,0.06,4.05,0.09
10.496,0.07,4.41,0.1
10.497,0.09,4.8,0.09
10.498,0.1,5.22,0.08
10.5,0.12,5.67,0.08
10.501,0.13,6.13,0.07
10.502,0.13,6.59,0.06
10.503,0.1,7.07,0.05
10.504,0.06,7.58,0.04
10.507,-0.01,8.14,0.04
10.51,-0.08,8.74,0.05
10.527,-0.13,9.35,0.08
10.529,-0.16,9.97,0.13
10.53,-0.17,10.57,0.19
10.531,-0.14,11.15,0.25
10.544,-0.06,11.64,0.3
10.546,0.07,11.98,0.35
10.548,0.22,12.16,0.38
10.578,0.38,12.18,0.42
10.579,0.54,12.02,0.47
10.581,0.72,11.74,0.52
10.582,0.93,11.36,0.55
10.583,1.12,10.92,0.56
10.584,1.29,10.48,0.54
10.585,1.42,10.08,0.51
10.586,1.5,9.75,0.49
10.599,1.53,9.48,0.46
10.601,1.49,9.24,0.44
10.602,1.39,9,0.38
10.604,1.23,8.72,0.3
10.61,1.03,8.41,0.21
10.635,0.8,8.07,0.14
10.636,0.53,7.67,0.09
10.638,0.27,7.22,0.07
10.639,0.06,6.69,0.07
10.64,-0.11,6.09,0.07
10.641,-0.21,5.4,0.12
10.644,-0.26,4.63,0.18
10.663,-0.27,3.82,0.22
10.672,-0.26,3.04,0.23
10.673,-0.23,2.36,0.22
10.675,-0.2,1.82,0.2
10.676,-0.17,1.42,0.17
10.676,-0.15,1.15,0.15
10.679,-0.13,0.95,0.12
10.699,-0.11,0.8,0.09
10.701,-0.09,0.68,0.05
10.702,-0.08,0.56,0.03
10.704,-0.09,0.44,0.02
10.705,-0.11,0.31,0.02
10.708,-0.16,0.17,0.03
10.73,-0.2,0.02,0.05
10.732,-0.26,-0.13,0.07
10.733,-0.31,-0.26,0.08
10.734,-0.35,-0.37,0.08
10.736,-0.39,-0.46,0.08
10.738,-0.39,-0.54,0.08
10.743,-0.38,-0.6,0.08
10.758,-0.36,-0.67,0.09
10.759,-0.31,-0.73,0.1
10.76,-0.25,-0.81,0.1
10.762,-0.18,-0.9,0.1
10.789,-0.1,-1,0.08
10.791,-0.03,-1.09,0.07
10.792,0.03,-1.18,0.07
10.793,0.08,-1.28,0.07
10.794,0.13,-1.39,0.07
10.795,0.17,-1.5,0.07
10.813,0.21,-1.63,0.06
10.814,0.25,-1.75,0.06
10.816,0.28,-1.88,0.06
10.817,0.3,-2.02,0.06
10.818,0.33,-2.17,0.06
10.821,0.35,-2.35,0.05
10.826,0.37,-2.56,0.05
10.84,0.37,-2.8,0.04
10.845,0.37,-3.09,0.04
10.846,0.35,-3.46,0.04
10.847,0.32,-3.96,0.04
10.873,0.29,-4.64,0.03
10.874,0.24,-5.49,0.01
10.875,0.17,-6.48,-0.01
10.876,0.09,-7.55,-0.02
10.877,0,-8.66,0
10.878,-0.13,-9.82,0.03
10.892,-0.26,-10.97,0.03
10.894,-0.36,-12,0.03
10.895,-0.44,-12.94,0.05
10.897,-0.5,-13.76,0.04
10.921,-0.55,-14.33,-0.01
10.922,-0.56,-14.57,-0.09
10.924,-0.54,-14.46,-0.15
10.925,-0.53,-14.03,-0.16
10.926,-0.55,-13.36,-0.12
10.927,-0.59,-12.53,-0.06
10.93,-0.65,-11.57,0.01
10.945,-0.72,-10.51,0.07
10.946,-0.78,-9.39,0.12
10.948,-0.82,-8.26,0.17
10.975,-0.83,-7.2,0.19
10.976,-0.82,-6.27,0.19
10.978,-0.77,-5.51,0.17
10.979,-0.7,-4.9,0.13
10.98,-0.6,-4.4,0.11
10.981,-0.49,-4,0.09
10.982,-0.38,-3.68,0.07
10.984,-0.28,-3.4,0.04
10.996,-0.2,-3.12,0.02
10.998,-0.15,-2.85,0.01
10.999,-0.15,-2.57,0.03
11.004,-0.17,-2.29,0.04
11.01,-0.2,-2.01,0.06
11.029,-0.24,-1.73,0.08
11.03,-0.27,-1.46,0.09
11.033,-0.28,-1.21,0.09
11.034,-0.26,-0.98,0.09
11.035,-0.22,-0.79,0.08
11.051,-0.17,-0.61,0.06
11.052,-0.1,-0.45,0.05
11.053,-0.02,-0.3,0.03
11.053,0.05,-0.17,0
11.058,0.14,-0.08,-0.01
11.063,0.22,-0.01,-0.02
11.08,0.29,0.03,-0.03
11.082,0.35,0.06,-0.05
11.084,0.39,0.07,-0.08
11.085,0.41,0.07,-0.09
11.087,0.42,0.07,-0.11
11.092,0.41,0.06,-0.11
11.11,0.38,0.04,-0.12
11.111,0.35,0.01,-0.12
11.112,0.31,-0.03,-0.11
11.121,0.27,-0.08,-0.1
11.122,0.22,-0.11,-0.09
11.123,0.18,-0.13,-0.08
11.149,0.14,-0.15,-0.07
11.151,0.11,-0.16,-0.06
11.152,0.08,-0.14,-0.06
11.153,0.06,-0.12,-0.06
11.154,0.03,-0.08,-0.06
11.155,0.01,-0.02,-0.06
11.156,-0.01,0.03,-0.07
11.162,-0.03,0.08,-0.06
11.202,-0.04,0.12,-0.07
11.204,-0.05,0.16,-0.07
11.205,-0.05,0.2,-0.08
11.206,-0.06,0.22,-0.08
11.208,-0.06,0.22,-0.08
11.209,-0.07,0.2,-0.07
11.21,-0.07,0.16,-0.07
11.211,-0.07,0.12,-0.06
11.212,-0.07,0.06,-0.06
11.213,-0.06,0.02,-0.06
11.232,-0.06,-0.02,-0.06
11.233,-0.06,-0.05,-0.07
11.233,-0.06,-0.07,-0.07
11.234,-0.07,-0.09,-0.08
11.237,-0.08,-0.12,-0.08
11.24,-0.09,-0.13,-0.08
11.245,-0.11,-0.13,-0.08
11.262,-0.12,-0.13,-0.08
11.266,-0.13,-0.13,-0.08
11.267,-0.14,-0.11,-0.08
11.269,-0.15,-0.09,-0.08
11.301,-0.16,-0.06,-0.08
11.303,-0.16,-0.02,-0.08
11.304,-0.16,0.02,-0.08
11.305,-0.15,0.06,-0.08
11.307,-0.15,0.1,-0.08
11.308,-0.14,0.14,-0.07
11.308,-0.13,0.16,-0.06
11.309,-0.12,0.17,-0.05
11.31,-0.11,0.16,-0.05
11.313,-0.09,0.15,-0.04
11.33,-0.09,0.13,-0.03
11.33,-0.08,0.11,-0.03
11.335,-0.08,0.09,-0.03
11.336,-0.08,0.07,-0.02
11.35,-0.08,0.05,-0.02
11.351,-0.08,0.03,-0.02
11.353,-0.09,0.02,-0.02
11.354,-0.09,0.01,-0.03
11.358,-0.08,0.01,-0.04
11.363,-0.08,0.01,-0.05
11.382,-0.07,0.01,-0.06
11.384,-0.06,0,-0.06
11.385,-0.05,0.01,-0.07
11.387,-0.05,0.02,-0.07
11.389,-0.04,0.03,-0.07
11.393,-0.04,0.05,-0.06
11.416,-0.03,0.07,-0.06
11.418,-0.03,0.09,-0.05
11.419,-0.03,0.11,-0.05
11.42,-0.03,0.12,-0.05
11.421,-0.03,0.13,-0.05
11.422,-0.04,0.12,-0.05
11.43,-0.04,0.11,-0.04
11.443,-0.05,0.08,-0.03
11.444,-0.06,0.06,-0.03
11.446,-0.07,0.04,-0.02
11.449,-0.07,0.02,-0.02
11.476,-0.07,0,-0.01
11.477,-0.06,-0.01,-0.02
11.478,-0.05,-0.03,-0.02
11.479,-0.05,-0.03,-0.02
11.48,-0.04,-0.03,-0.02
11.481,-0.04,-0.03,-0.02
11.482,-0.04,-0.02,-0.02
11.508,-0.04,0,-0.02
11.509,-0.04,0.03,-0.02
11.51,-0.04,0.05,-0.02
11.511,-0.04,0.07,-0.02
11.512,-0.04,0.09,-0.02
11.513,-0.04,0.1,-0.02
11.528,-0.05,0.1,-0.01
11.529,-0.05,0.1,-0.01
11.53,-0.05,0.09,-0.01
11.531,-0.06,0.08,0
11.558,-0.07,0.07,-0.01
11.559,-0.07,0.06,-0.01
11.56,-0.07,0.04,-0.01
11.562,-0.07,0.02,-0.01
11.563,-0.08,-0.01,-0.01
11.564,-0.09,-0.02,-0.01
11.578,-0.09,-0.02,0
11.579,-0.09,-0.01,0
11.58,-0.09,0,0
11.582,-0.08,0.01,0
11.61,-0.08,0.03,0.01
11.611,-0.07,0.04,0.01
11.612,-0.07,0.06,0.01
11.612,-0.06,0.07,0.02
11.613,-0.05,0.08,0.02
11.615,-0.05,0.1,0.03
11.616,-0.04,0.12,0.03
11.629,-0.03,0.13,0.04
11.63,-0.02,0.13,0.04
11.631,-0.02,0.14,0.04
11.66,-0.01,0.12,0.03
11.662,-0.01,0.1,0.03
11.663,0,0.08,0.02
11.664,0,0.05,0.02
11.665,-0.01,0.03,0.01
11.666,-0.01,0.01,0.01
11.667,-0.01,-0.01,0.01
11.68,-0.01,-0.02,0.01
11.682,-0.02,-0.02,0.01
11.683,-0.02,-0.01,0
11.684,-0.02,0,0
11.71,-0.01,0.02,0
11.711,0,0.04,0
11.712,0.01,0.07,-0.01
11.713,0.01,0.08,-0.01
11.714,0.02,0.11,-0.01
11.715,0.02,0.12,-0.02
11.73,0.02,0.13,-0.02
11.731,0.02,0.14,-0.02
11.731,0.01,0.13,-0.03
11.769,0,0.11,-0.03
11.77,0,0.09,-0.03
11.772,-0.01,0.07,-0.02
11.772,-0.02,0.06,-0.02
11.773,-0.02,0.05,-0.02
11.774,-0.02,0.05,-0.02
11.775,-0.02,0.05,-0.02
11.776,-0.02,0.05,-0.01
11.776,-0.02,0.05,-0.01
11.777,-0.02,0.05,-0.01
11.782,-0.03,0.04,-0.01
11.795,-0.03,0.04,-0.01
11.796,-0.04,0.03,-0.01
11.832,-0.05,0.03,0
11.834,-0.05,0.02,0
11.835,-0.05,0.01,-0.01
11.837,-0.06,0.01,-0.01
11.838,-0.06,0,-0.01
11.845,-0.06,0,-0.01
11.846,-0.05,-0.01,0
11.847,-0.05,0,0
11.848,-0.04,0.02,0
11.849,-0.03,0.03,0.01
11.85,-0.02,0.04,0.01
11.852,0.01,0.05,0.01
11.868,0.02,0.06,0.01
11.87,0.04,0.07,0
11.871,0.05,0.08,0
11.872,0.06,0.08,0
11.876,0.06,0.08,0
11.894,0.06,0.08,-0.01
11.895,0.05,0.07,-0.02
11.896,0.03,0.06,-0.02
11.897,0.01,0.04,-0.02
11.947,-0.01,0.03,-0.02
11.948,-0.03,0.01,-0.02
11.95,-0.05,0.01,-0.01
11.951,-0.07,0,-0.01
11.952,-0.08,0,-0.01
11.954,-0.08,-0.01,-0.01
11.955,-0.07,-0.02,0
11.955,-0.06,-0.03,0
11.957,-0.05,-0.03,0.01
11.958,-0.04,-0.03,0.01
11.959,-0.03,-0.03,0.01
11.961,-0.02,-0.03,0.01
11.962,0,-0.03,0.01
11.981,0.01,-0.01,0.01
11.982,0.02,0,0.01
11.983,0.03,0.02,0.01
11.984,0.04,0.03,0
11.985,0.05,0.03,0
11.997,0.05,0.04,-0.01
11.999,0.05,0.03,-0.01
12,0.04,0.02,-0.01
12.028,0.04,-0.01,-0.01
12.029,0.03,-0.03,0
12.03,0.02,-0.05,0
12.031,0.02,-0.07,0
12.032,0.02,-0.09,0
12.033,0.02,-0.1,0.01
12.058,0.03,-0.12,0.01
12.06,0.03,-0.12,0.02
12.061,0.04,-0.13,0.02
12.062,0.04,-0.13,0.02
12.063,0.04,-0.13,0.02
12.064,0.04,-0.13,0.02
12.065,0.03,-0.13,0.02
12.088,0.03,-0.14,0.02
12.089,0.03,-0.14,0.02
12.09,0.02,-0.14,0.02
12.091,0.02,-0.14,0.02
12.092,0.02,-0.12,0.01
12.093,0.02,-0.1,0.01
12.097,0.01,-0.07,0.01
12.112,0.01,-0.03,0.01
12.114,0,0,0.01
12.116,-0.01,0.03,0.01
12.145,-0.02,0.04,0.02
12.147,-0.04,0.04,0.02
12.148,-0.04,0.03,0.02
12.149,-0.05,0.02,0.03
12.151,-0.06,0.01,0.03
12.152,-0.06,0,0.04
12.153,-0.06,-0.01,0.04
12.154,-0.06,-0.01,0.04
12.157,-0.06,-0.02,0.04
12.176,-0.06,-0.03,0.04
12.177,-0.05,-0.04,0.04
12.179,-0.05,-0.04,0.03
12.18,-0.04,-0.05,0.03
12.181,-0.04,-0.05,0.02
12.196,-0.04,-0.04,0.02
12.197,-0.04,-0.04,0.02
12.198,-0.04,-0.04,0.01
12.229,-0.03,-0.04,0.01
12.231,-0.03,-0.03,0.01
12.232,-0.03,-0.03,0.01
12.232,-0.03,-0.01,0
12.233,-0.03,0,0
12.234,-0.03,0.01,0
12.235,-0.03,0.03,0
12.236,-0.03,0.03,0
12.249,-0.03,0.04,0
12.251,-0.03,0.04,0
12.252,-0.03,0.05,0
12.284,-0.03,0.05,0
12.285,-0.04,0.06,0
12.286,-0.05,0.06,0
12.287,-0.05,0.07,-0.01
12.288,-0.06,0.07,-0.01
12.289,-0.07,0.07,-0.01
12.29,-0.07,0.06,-0.01
12.29,-0.07,0.05,-0.01
12.294,-0.07,0.03,0
12.299,-0.06,0.02,0
12.313,-0.06,0,-0.01
12.314,-0.05,0,-0.01
12.318,-0.04,-0.01,0
12.319,-0.03,-0.01,0
12.331,-0.01,-0.01,0
12.332,0,-0.01,0
12.333,0.01,0,0
12.36,0.03,0,0
12.361,0.03,0.01,0
12.362,0.03,0.01,0
12.363,0.04,0.01,0
12.364,0.03,0.01,0
12.365,0.03,0.01,-0.01
12.379,0.03,0,0
12.38,0.02,0,0
12.381,0.02,0.01,-0.01
12.382,0.01,0.02,-0.01
12.41,0,0.03,-0.01
12.412,0,0.03,-0.01
12.412,-0.01,0.03,-0.01
12.413,-0.02,0.03,-0.01
12.414,-0.03,0.03,-0.01
12.415,-0.03,0.02,-0.01
12.421,-0.04,0.02,-0.01
12.422,-0.04,0.02,-0.01
12.427,-0.04,0.01,-0.01
12.432,-0.03,0.01,-0.01
12.447,-0.03,0.02,0
12.448,-0.02,0.03,0
12.45,-0.01,0.03,-0.01
12.481,-0.01,0.04,-0.01
12.483,-0.01,0.05,0
12.484,-0.01,0.06,0
12.486,-0.01,0.05,0
12.486,-0.02,0.05,0
12.488,-0.02,0.04,0
12.489,-0.02,0.03,0.01
12.489,-0.03,0.03,0.01
12.491,-0.03,0.02,0.02
12.506,-0.02,0.01,0.02
12.508,-0.02,0.01,0.01
12.509,-0.02,0.01,0.02
12.51,-0.02,0.01,0.01
12.515,-0.02,0.01,0.01
12.539,-0.01,0.02,0.01
12.54,-0.01,0.03,0.01
12.541,-0.01,0.04,0.01
12.543,-0.01,0.06,0.01
12.544,0,0.07,0.01
12.545,0,0.08,0
12.55,0.01,0.08,0.01
12.569,0.01,0.09,0.01
12.57,0.02,0.09,0.01
12.571,0.02,0.09,0.01
12.572,0.03,0.09,0.01
12.575,0.03,0.07,0.01
12.58,0.03,0.06,0.01
12.597,0.02,0.05,0.01
12.605,0.01,0.03,0.01
12.607,0,0.01,0.01
12.611,-0.02,0,0.01
12.612,-0.03,-0.01,0.01
12.613,-0.03,-0.01,0.01
12.615,-0.04,-0.01,0.01
12.631,-0.04,0,0.01
12.633,-0.04,0,0.01
12.634,-0.04,0,0.01
12.635,-0.04,0,0.02
12.664,-0.04,0.01,0.02
12.666,-0.04,0.01,0.03
12.668,-0.04,0.01,0.03
12.669,-0.04,0.02,0.03
12.671,-0.04,0.02,0.04
12.671,-0.04,0.02,0.04
12.672,-0.04,0.03,0.04
12.674,-0.04,0.03,0.05
12.694,-0.03,0.03,0.05
12.695,-0.02,0.03,0.06
12.696,-0.02,0.03,0.06
12.698,-0.01,0.03,0.06
12.699,-0.01,0.04,0.07
12.729,-0.01,0.04,0.08
12.73,-0.01,0.05,0.09
12.732,-0.01,0.06,0.1
12.732,-0.01,0.06,0.12
12.733,-0.01,0.07,0.15
12.734,-0.01,0.08,0.18
12.735,0,0.08,0.22
12.748,0.01,0.08,0.26
12.749,0.01,0.09,0.32
12.75,0.02,0.1,0.38
12.777,0.03,0.13,0.45
12.778,0.02,0.15,0.54
12.78,0.02,0.17,0.64
12.781,0,0.18,0.75
12.782,-0.04,0.17,0.88
12.783,-0.09,0.14,1.02
12.784,-0.15,0.1,1.18
12.797,-0.22,0.05,1.36
12.799,-0.29,-0.02,1.56
12.8,-0.37,-0.1,1.78
12.801,-0.45,-0.18,2.02
12.806,-0.52,-0.27,2.28
12.826,-0.57,-0.35,2.56
12.828,-0.59,-0.4,2.88
12.829,-0.6,-0.48,3.19
12.83,-0.59,-0.61,3.43
12.831,-0.54,-0.74,3.62
12.847,-0.45,-0.8,3.75
12.849,-0.34,-0.81,3.83
12.85,-0.21,-0.75,3.86
12.851,-0.07,-0.66,3.86
12.878,0.08,-0.58,3.84
12.88,0.22,-0.52,3.8
12.881,0.35,-0.5,3.77
12.882,0.46,-0.56,3.75
12.883,0.56,-0.66,3.74
12.884,0.68,-0.74,3.74
12.885,0.82,-0.79,3.72
12.898,0.96,-0.81,3.68
12.901,1.08,-0.8,3.6
12.902,1.17,-0.74,3.51
12.936,1.2,-0.66,3.4
12.938,1.17,-0.59,3.31
12.939,1.07,-0.56,3.24
12.941,0.92,-0.58,3.21
12.942,0.75,-0.63,3.19
12.943,0.55,-0.65,3.19
12.944,0.36,-0.63,3.25
12.945,0.22,-0.59,3.31
12.946,0.13,-0.51,3.34
12.949,0.09,-0.37,3.36
12.969,0.1,-0.24,3.36
12.971,0.15,-0.15,3.33
12.971,0.23,-0.05,3.27
12.972,0.32,0.05,3.19
12.974,0.39,0.15,3.11
12.98,0.4,0.21,2.97
12.984,0.36,0.2,2.78
12.997,0.26,0.14,2.57
12.999,0.13,0.09,2.37
13,0.01,0.06,2.18
13.031,-0.07,0.04,2.01
13.032,-0.13,0.04,1.86
13.033,-0.16,0.04,1.71
13.034,-0.18,0.05,1.56
13.035,-0.2,0.04,1.42
13.036,-0.21,0.06,1.27
13.037,-0.23,0.1,1.13
13.038,-0.24,0.16,0.98
13.053,-0.26,0.23,0.84
13.054,-0.29,0.31,0.72
13.055,-0.34,0.39,0.62
13.057,-0.39,0.44,0.52
13.062,-0.43,0.47,0.44
13.067,-0.46,0.47,0.37
13.086,-0.49,0.47,0.32
13.088,-0.5,0.48,0.27
13.089,-0.49,0.5,0.23
13.09,-0.47,0.5,0.17
13.092,-0.43,0.48,0.12
13.097,-0.37,0.45,0.05
13.102,-0.31,0.41,-0.01
13.116,-0.26,0.34,-0.09
13.117,-0.2,0.26,-0.18
13.119,-0.15,0.19,-0.28
13.132,-0.12,0.16,-0.38
13.134,-0.12,0.14,-0.49
13.135,-0.14,0.12,-0.59
13.164,-0.18,0.11,-0.69
13.166,-0.23,0.11,-0.8
13.167,-0.29,0.12,-0.91
13.168,-0.33,0.11,-1.03
13.169,-0.35,0.09,-1.16
13.17,-0.36,0.08,-1.31
13.171,-0.36,0.07,-1.47
13.172,-0.36,0.05,-1.64
13.186,-0.35,0.03,-1.82
13.187,-0.34,0.02,-2.03
13.188,-0.35,-0.02,-2.24
13.22,-0.38,-0.09,-2.47
13.221,-0.4,-0.17,-2.7
13.222,-0.42,-0.24,-2.93
13.223,-0.43,-0.29,-3.18
13.224,-0.45,-0.31,-3.43
13.225,-0.46,-0.33,-3.68
13.226,-0.47,-0.33,-3.93
13.227,-0.46,-0.28,-4.17
13.23,-0.45,-0.2,-4.39
13.235,-0.44,-0.08,-4.6
13.248,-0.41,0.06,-4.81
13.249,-0.36,0.2,-5.02
13.25,-0.3,0.34,-5.22
13.291,-0.22,0.5,-5.41
13.293,-0.13,0.68,-5.57
13.295,-0.03,0.85,-5.71
13.297,0.07,1.02,-5.83
13.298,0.21,1.19,-5.89
13.299,0.37,1.35,-5.88
13.3,0.53,1.5,-5.79
13.301,0.69,1.62,-5.64
13.305,0.83,1.71,-5.44
13.31,0.94,1.76,-5.21
13.311,1.06,1.69,-4.99
13.312,1.19,1.47,-4.83
13.329,1.27,1.21,-4.65
13.33,1.31,0.94,-4.45
13.33,1.32,0.68,-4.24
13.331,1.31,0.46,-4.06
13.333,1.25,0.31,-3.9
13.351,1.14,0.22,-3.74
13.353,1.02,0.19,-3.55
13.355,0.9,0.22,-3.33
13.356,0.78,0.25,-3.1
13.418,0.66,0.28,-2.87
13.421,0.55,0.3,-2.65
13.421,0.45,0.29,-2.43
13.422,0.37,0.27,-2.25
13.424,0.29,0.22,-2.08
13.426,0.22,0.13,-1.91
13.43,0.14,0.02,-1.76
13.431,0.07,-0.11,-1.61
13.432,-0.01,-0.24,-1.46
13.433,-0.07,-0.36,-1.29
13.434,-0.13,-0.45,-1.13
13.436,-0.18,-0.52,-0.98
13.438,-0.22,-0.59,-0.85
13.439,-0.26,-0.64,-0.72
13.44,-0.29,-0.66,-0.62
13.442,-0.3,-0.65,-0.53
13.443,-0.3,-0.64,-0.46
13.444,-0.29,-0.61,-0.4
13.463,-0.27,-0.57,-0.34
13.464,-0.25,-0.52,-0.29
13.465,-0.24,-0.48,-0.25
13.466,-0.22,-0.42,-0.2
13.468,-0.2,-0.38,-0.16
13.484,-0.17,-0.32,-0.12
13.485,-0.15,-0.26,-0.08
13.486,-0.11,-0.19,-0.05
13.528,-0.09,-0.13,-0.02
13.529,-0.06,-0.08,0.02
13.531,-0.04,-0.03,0.05
13.532,-0.04,0.02,0.08
13.533,-0.03,0.06,0.11
13.534,-0.04,0.1,0.14
13.535,-0.05,0.13,0.17
13.537,-0.07,0.14,0.19
13.538,-0.1,0.15,0.21
13.539,-0.14,0.14,0.23
13.545,-0.18,0.11,0.24
13.546,-0.22,0.08,0.26
13.547,-0.25,0.05,0.26
13.568,-0.28,0.03,0.27
13.574,-0.31,0,0.27
13.576,-0.33,-0.01,0.28
13.578,-0.34,-0.02,0.28
13.579,-0.35,-0.03,0.29
13.58,-0.36,-0.05,0.29
13.581,-0.36,-0.06,0.3
13.603,-0.35,-0.07,0.3
13.606,-0.34,-0.08,0.3
13.61,-0.32,-0.08,0.31
13.611,-0.3,-0.07,0.32
13.613,-0.28,-0.04,0.32
13.614,-0.26,-0.02,0.33
13.615,-0.23,0,0.33
13.633,-0.21,0.01,0.34
13.634,-0.19,0,0.35
13.635,-0.16,-0.01,0.36
13.636,-0.14,-0.02,0.38
13.652,-0.11,-0.04,0.4
13.653,-0.09,-0.05,0.42
13.654,-0.08,-0.07,0.45
13.682,-0.07,-0.08,0.48
13.683,-0.05,-0.09,0.52
13.684,-0.04,-0.11,0.57
13.684,-0.03,-0.13,0.63
13.685,-0.02,-0.14,0.69
13.685,-0.01,-0.15,0.77
13.686,-0.01,-0.16,0.85
13.712,-0.02,-0.17,0.95
13.713,-0.03,-0.18,1.06
13.714,-0.05,-0.2,1.18
13.715,-0.07,-0.23,1.32
13.716,-0.11,-0.26,1.47
13.717,-0.15,-0.33,1.65
13.718,-0.18,-0.43,1.85
13.735,-0.21,-0.55,2.06
13.737,-0.24,-0.68,2.3
13.738,-0.27,-0.81,2.56
13.773,-0.28,-0.93,2.83
13.774,-0.3,-1.02,3.1
13.775,-0.31,-1.1,3.38
13.775,-0.3,-1.19,3.66
13.776,-0.26,-1.27,3.95
13.777,-0.2,-1.32,4.25
13.778,-0.13,-1.31,4.54
13.779,-0.05,-1.27,4.81
13.78,0.04,-1.2,5.02
13.782,0.13,-1.12,5.17
13.787,0.22,-0.98,5.25
13.799,0.27,-0.82,5.25
13.8,0.25,-0.69,5.17
13.815,0.19,-0.61,5.03
13.817,0.1,-0.56,4.84
13.818,0.03,-0.55,4.63
13.819,-0.01,-0.56,4.44
13.854,-0.01,-0.58,4.25
13.857,0.03,-0.64,4.07
13.859,0.12,-0.72,3.91
13.86,0.23,-0.8,3.77
13.861,0.35,-0.88,3.66
13.862,0.48,-0.92,3.56
13.863,0.62,-0.85,3.51
13.864,0.73,-0.69,3.52
13.866,0.81,-0.51,3.51
13.867,0.82,-0.35,3.47
13.871,0.8,-0.26,3.41
13.892,0.77,-0.27,3.36
13.893,0.76,-0.33,3.3
13.894,0.75,-0.44,3.22
13.895,0.75,-0.53,3.11
13.897,0.76,-0.62,2.99
13.9,0.77,-0.69,2.85
13.934,0.76,-0.71,2.71
13.935,0.76,-0.66,2.57
13.936,0.77,-0.45,2.5
13.939,0.79,-0.09,2.52
13.94,0.73,0.18,2.46
13.941,0.6,0.29,2.25
13.941,0.42,0.32,1.95
13.942,0.22,0.29,1.63
13.944,0.03,0.23,1.32
13.975,-0.11,0.15,1.08
13.977,-0.18,0.1,0.9
13.978,-0.23,0.06,0.77
13.979,-0.26,0,0.64
13.98,-0.28,-0.06,0.52
13.982,-0.29,-0.1,0.41
13.983,-0.31,-0.11,0.33
13.984,-0.36,-0.1,0.27
14.001,-0.43,-0.07,0.22
14.003,-0.49,-0.03,0.17
14.004,-0.56,0.03,0.13
14.005,-0.61,0.12,0.09
14.049,-0.64,0.22,0.06
14.05,-0.66,0.32,0.03
14.051,-0.65,0.41,-0.01
14.052,-0.63,0.48,-0.06
14.053,-0.59,0.5,-0.11
14.054,-0.53,0.48,-0.16
14.058,-0.46,0.44,-0.22
14.059,-0.38,0.39,-0.28
14.06,-0.29,0.33,-0.37
14.065,-0.23,0.29,-0.46
14.066,-0.19,0.26,-0.55
14.067,-0.15,0.25,-0.64
14.067,-0.12,0.25,-0.74
14.085,-0.09,0.27,-0.84
14.086,-0.07,0.29,-0.95
14.087,-0.05,0.32,-1.09
14.089,-0.04,0.37,-1.26
14.12,-0.03,0.45,-1.44
14.121,-0.04,0.54,-1.63
14.123,-0.06,0.63,-1.83
14.124,-0.1,0.72,-2.05
14.124,-0.17,0.8,-2.27
14.125,-0.24,0.86,-2.5
14.126,-0.31,0.91,-2.72
14.127,-0.36,0.98,-2.94
14.14,-0.4,1.07,-3.16
14.141,-0.42,1.16,-3.39
14.142,-0.44,1.24,-3.62
14.146,-0.45,1.3,-3.85
14.15,-0.42,1.39,-4.08
14.156,-0.36,1.52,-4.25
14.177,-0.28,1.67,-4.4
14.178,-0.19,1.8,-4.52
14.179,-0.07,1.92,-4.61
14.181,0.07,2.05,-4.68
14.182,0.23,2.17,-4.75
14.185,0.39,2.25,-4.81
14.191,0.56,2.25,-4.86
14.213,0.73,2.21,-4.89
14.214,0.9,2.15,-4.88
14.216,1.09,2.06,-4.81
14.216,1.29,1.93,-4.73
14.218,1.49,1.72,-4.67
14.22,1.66,1.47,-4.61
14.235,1.79,1.23,-4.51
14.236,1.87,1.01,-4.39
14.237,1.88,0.83,-4.24
14.278,1.85,0.71,-4.06
14.279,1.77,0.67,-3.83
14.28,1.65,0.68,-3.57
14.281,1.51,0.76,-3.29
14.283,1.39,0.85,-3.04
14.284,1.28,0.9,-2.82
14.285,1.19,0.91,-2.66
14.286,1.1,0.89,-2.53
14.287,1.04,0.85,-2.42
14.293,0.98,0.76,-2.33
14.294,0.92,0.64,-2.24
14.295,0.86,0.47,-2.16
14.319,0.78,0.28,-2.06
14.32,0.7,0.09,-1.96
14.321,0.6,-0.1,-1.86
14.322,0.48,-0.28,-1.76
14.324,0.35,-0.43,-1.66
14.339,0.22,-0.55,-1.56
14.34,0.11,-0.65,-1.45
14.343,-0.01,-0.72,-1.34
14.345,-0.11,-0.78,-1.23
14.346,-0.2,-0.8,-1.12
14.347,-0.26,-0.79,-1.01
14.354,-0.3,-0.78,-0.91
14.373,-0.31,-0.8,-0.82
14.376,-0.31,-0.83,-0.73
14.377,-0.3,-0.86,-0.65
14.378,-0.29,-0.88,-0.56
14.379,-0.27,-0.87,-0.49
14.382,-0.25,-0.85,-0.43
14.387,-0.22,-0.8,-0.39
14.416,-0.19,-0.72,-0.36
14.417,-0.15,-0.62,-0.33
14.419,-0.11,-0.5,-0.3
14.42,-0.07,-0.38,-0.27
14.421,-0.02,-0.28,-0.25
14.422,0.02,-0.19,-0.25
14.422,0.05,-0.13,-0.24
14.437,0.08,-0.08,-0.25
14.439,0.08,-0.06,-0.25
14.44,0.07,-0.05,-0.25
14.477,0.05,-0.05,-0.24
14.479,0.01,-0.05,-0.22
14.48,-0.03,-0.06,-0.2
14.481,-0.07,-0.06,-0.17
14.482,-0.1,-0.06,-0.14
14.484,-0.14,-0.07,-0.12
14.485,-0.16,-0.07,-0.09
14.486,-0.18,-0.08,-0.06
14.487,-0.19,-0.08,-0.04
14.488,-0.2,-0.09,-0.02
14.516,-0.2,-0.08,0
14.518,-0.19,-0.05,0.01
14.519,-0.18,-0.02,0.03
14.52,-0.17,0.02,0.04
14.521,-0.15,0.07,0.05
14.522,-0.13,0.13,0.06
14.523,-0.11,0.19,0.07
14.538,-0.08,0.22,0.08
14.539,-0.06,0.24,0.09
14.541,-0.05,0.25,0.1
14.542,-0.03,0.25,0.11
14.545,-0.02,0.23,0.13
14.55,-0.03,0.19,0.15
14.555,-0.03,0.15,0.17
14.58,-0.03,0.11,0.19
14.582,-0.03,0.07,0.21
14.584,-0.03,0.02,0.23
14.585,-0.03,-0.03,0.26
14.587,-0.03,-0.08,0.28
14.589,-0.04,-0.13,0.31
14.591,-0.05,-0.2,0.34
14.619,-0.06,-0.27,0.38
14.62,-0.07,-0.33,0.42
14.621,-0.08,-0.38,0.47
14.623,-0.09,-0.41,0.51
14.624,-0.1,-0.42,0.56
14.625,-0.1,-0.43,0.61
14.626,-0.12,-0.43,0.67
14.652,-0.14,-0.42,0.74
14.654,-0.17,-0.41,0.82
14.655,-0.21,-0.39,0.9
14.658,-0.25,-0.38,0.99
14.659,-0.3,-0.37,1.1
14.66,-0.34,-0.39,1.22
14.661,-0.38,-0.44,1.35
14.663,-0.42,-0.54,1.5
14.689,-0.46,-0.68,1.67
14.691,-0.51,-0.84,1.85
14.692,-0.56,-1.05,2.05
14.694,-0.61,-1.3,2.26
14.695,-0.67,-1.56,2.48
14.696,-0.72,-1.82,2.71
14.698,-0.77,-2.05,2.95
14.725,-0.82,-2.25,3.19
14.727,-0.84,-2.42,3.43
14.728,-0.83,-2.56,3.65
14.73,-0.81,-2.64,3.85
14.731,-0.77,-2.67,4.05
14.732,-0.68,-2.69,4.24
14.733,-0.56,-2.66,4.4
14.737,-0.4,-2.55,4.53
14.756,-0.2,-2.37,4.6
14.757,0.02,-2.16,4.63
14.759,0.25,-1.94,4.62
14.76,0.45,-1.71,4.57
14.762,0.6,-1.48,4.52
14.767,0.7,-1.25,4.46
14.772,0.74,-1.02,4.39
14.776,0.75,-0.85,4.31
14.791,0.76,-0.81,4.24
14.791,0.78,-0.87,4.18
14.792,0.82,-0.95,4.12
14.796,0.85,-1.01,4.04
14.801,0.86,-1.07,3.94
14.806,0.88,-1.11,3.79
14.83,0.89,-1.08,3.66
14.832,0.88,-1,3.59
14.833,0.84,-0.86,3.54
14.834,0.77,-0.69,3.49
14.835,0.68,-0.49,3.42
14.836,0.59,-0.28,3.33
14.844,0.52,-0.12,3.22
14.847,0.48,0,3.08
14.867,0.46,0.09,2.93
14.869,0.44,0.15,2.75
14.87,0.42,0.19,2.59
14.871,0.38,0.19,2.42
14.872,0.34,0.16,2.27
14.899,0.29,0.12,2.13
14.9,0.23,0.06,1.99
14.901,0.17,0.02,1.86
14.903,0.11,0,1.74
14.904,0.06,0.01,1.61
14.905,0.03,0.03,1.48
14.906,0,0.07,1.33
14.93,-0.03,0.14,1.18
14.931,-0.07,0.23,1.05
14.933,-0.11,0.33,0.93
14.934,-0.14,0.42,0.82
14.935,-0.15,0.48,0.72
14.936,-0.15,0.52,0.62
14.939,-0.15,0.55,0.54
14.96,-0.13,0.54,0.46
14.961,-0.1,0.51,0.39
14.962,-0.07,0.45,0.34
14.963,-0.05,0.37,0.3
14.964,-0.02,0.29,0.25
14.969,0,0.21,0.2
14.987,0.01,0.15,0.14
14.988,0.02,0.11,0.09
14.99,0,0.09,0.04
14.991,-0.02,0.1,-0.01
15.028,-0.05,0.13,-0.06
15.029,-0.1,0.16,-0.1
15.03,-0.16,0.19,-0.14
15.032,-0.22,0.22,-0.17
15.033,-0.27,0.26,-0.2
15.033,-0.32,0.28,-0.22
15.034,-0.35,0.29,-0.25
15.036,-0.37,0.28,-0.29
15.037,-0.38,0.26,-0.33
15.039,-0.38,0.24,-0.38
15.066,-0.39,0.24,-0.44
15.068,-0.38,0.25,-0.49
15.069,-0.37,0.25,-0.55
15.069,-0.35,0.26,-0.63
15.07,-0.34,0.28,-0.7
15.071,-0.32,0.32,-0.79
15.072,-0.31,0.37,-0.87
15.087,-0.3,0.43,-0.97
15.089,-0.28,0.49,-1.07
15.09,-0.25,0.58,-1.18
15.129,-0.23,0.68,-1.3
15.131,-0.22,0.76,-1.43
15.132,-0.22,0.8,-1.58
15.133,-0.21,0.84,-1.73
15.133,-0.21,0.88,-1.9
15.134,-0.2,0.91,-2.08
15.135,-0.19,0.94,-2.27
15.136,-0.18,0.98,-2.46
15.137,-0.17,1.01,-2.66
15.138,-0.17,1.06,-2.85
15.141,-0.18,1.12,-3.05
15.192,-0.18,1.18,-3.26
15.194,-0.18,1.25,-3.47
15.195,-0.17,1.32,-3.68
15.196,-0.14,1.39,-3.9
15.197,-0.11,1.44,-4.1
15.198,-0.05,1.48,-4.28
15.199,-0.01,1.51,-4.44
15.201,0.04,1.52,-4.59
15.202,0.1,1.53,-4.71
15.203,0.17,1.54,-4.81
15.204,0.25,1.55,-4.86
15.205,0.34,1.53,-4.88
15.206,0.45,1.49,-4.88
15.22,0.56,1.42,-4.86
15.221,0.69,1.31,-4.83
15.222,0.81,1.17,-4.8
15.258,0.94,1.02,-4.76
15.259,1.06,0.87,-4.71
15.261,1.17,0.76,-4.61
15.262,1.24,0.72,-4.46
15.264,1.28,0.73,-4.26
15.265,1.32,0.76,-4.06
15.266,1.36,0.75,-3.9
15.267,1.39,0.75,-3.75
15.268,1.41,0.76,-3.6
15.274,1.41,0.75,-3.45
15.275,1.39,0.73,-3.31
15.298,1.34,0.71,-3.17
15.299,1.27,0.69,-3
15.3,1.18,0.67,-2.82
15.302,1.07,0.66,-2.62
15.303,0.95,0.66,-2.43
15.305,0.83,0.66,-2.25
15.338,0.7,0.64,-2.08
15.339,0.58,0.59,-1.93
15.34,0.47,0.49,-1.82
15.342,0.37,0.36,-1.71
15.343,0.28,0.21,-1.6
15.344,0.19,0.05,-1.5
15.345,0.11,-0.12,-1.41
15.346,0.02,-0.28,-1.31
15.348,-0.07,-0.42,-1.2
15.362,-0.15,-0.52,-1.08
15.363,-0.23,-0.59,-0.96
15.364,-0.28,-0.62,-0.85
15.367,-0.31,-0.61,-0.75
15.372,-0.32,-0.59,-0.66
15.413,-0.32,-0.57,-0.58
15.414,-0.32,-0.54,-0.49
15.415,-0.31,-0.5,-0.41
15.416,-0.29,-0.46,-0.33
15.417,-0.27,-0.4,-0.27
15.418,-0.25,-0.34,-0.23
15.419,-0.22,-0.29,-0.19
15.421,-0.19,-0.24,-0.15
15.422,-0.16,-0.17,-0.13
15.423,-0.12,-0.1,-0.11
15.444,-0.09,-0.04,-0.09
15.445,-0.06,0.02,-0.08
15.446,-0.05,0.06,-0.06
15.447,-0.04,0.07,-0.05
15.447,-0.04,0.07,-0.03
15.451,-0.05,0.05,-0.02
15.455,-0.08,0.04,0
15.477,-0.11,0.02,0.01
15.478,-0.15,-0.01,0.03
15.479,-0.17,-0.03,0.04
15.481,-0.2,-0.05,0.05
15.482,-0.23,-0.08,0.06
15.485,-0.25,-0.1,0.07
15.492,-0.27,-0.11,0.08
15.505,-0.28,-0.12,0.08
15.506,-0.28,-0.13,0.09
15.508,-0.29,-0.14,0.1
15.51,-0.28,-0.14,0.12
15.524,-0.28,-0.12,0.13
15.526,-0.27,-0.09,0.14
15.527,-0.25,-0.06,0.15
15.53,-0.24,-0.03,0.15
15.535,-0.21,0,0.15
15.54,-0.19,0.02,0.14
15.556,-0.16,0.04,0.13
15.557,-0.14,0.06,0.12
15.559,-0.12,0.06,0.11
15.573,-0.1,0.06,0.1
15.575,-0.08,0.05,0.1
15.576,-0.07,0.04,0.1
15.577,-0.05,0.03,0.1
15.615,-0.04,0.03,0.11
15.616,-0.03,0.03,0.13
15.617,-0.02,0.03,0.14
15.618,0,0.03,0.15
15.619,0,0.03,0.17
15.62,0.01,0.03,0.19
15.621,0.01,0.03,0.22
15.621,0.01,0.03,0.25
15.622,0.01,0.02,0.27
15.625,0,0.01,0.31
15.639,0,-0.01,0.34
15.641,-0.01,-0.02,0.39
15.642,-0.01,-0.03,0.43
15.682,-0.02,-0.04,0.48
15.683,-0.03,-0.05,0.54
15.685,-0.04,-0.06,0.61
15.686,-0.06,-0.08,0.68
15.687,-0.08,-0.1,0.76
15.689,-0.11,-0.12,0.85
15.689,-0.15,-0.15,0.96
15.69,-0.19,-0.18,1.1
15.692,-0.25,-0.22,1.25
15.693,-0.31,-0.28,1.41
15.694,-0.38,-0.35,1.59
15.722,-0.45,-0.46,1.79
15.723,-0.53,-0.6,2
15.724,-0.61,-0.77,2.23
15.726,-0.69,-0.97,2.48
15.727,-0.77,-1.19,2.74
15.728,-0.83,-1.42,3.01
15.729,-0.89,-1.63,3.29
15.746,-0.91,-1.82,3.58
15.747,-0.9,-1.98,3.85
15.75,-0.86,-2.06,4.11
15.751,-0.79,-2.06,4.33
15.752,-0.7,-2.02,4.51
15.757,-0.57,-1.91,4.66
15.767,-0.42,-1.75,4.78
15.768,-0.27,-1.58,4.88
15.789,-0.13,-1.42,4.94
15.79,-0.02,-1.28,4.98
15.791,0.06,-1.16,4.97
15.792,0.11,-1.05,4.93
15.792,0.16,-0.97,4.85
15.863,0.22,-0.93,4.73
15.864,0.29,-0.93,4.59
15.865,0.42,-0.95,4.46
15.866,0.58,-0.96,4.32
15.867,0.77,-0.94,4.18
15.868,0.95,-0.89,4.02
15.868,1.11,-0.87,3.85
15.869,1.23,-0.86,3.68
15.87,1.3,-0.85,3.54
15.871,1.31,-0.83,3.41
15.872,1.24,-0.79,3.33
15.872,1.11,-0.72,3.27
15.873,0.95,-0.61,3.24
15.874,0.77,-0.49,3.23
15.875,0.61,-0.36,3.21
15.876,0.49,-0.23,3.17
15.877,0.4,-0.08,3.1
15.892,0.35,0.05,2.97
15.893,0.33,0.15,2.79
15.894,0.33,0.2,2.57
15.925,0.32,0.28,2.32
15.926,0.3,0.39,2.07
15.927,0.25,0.48,1.86
15.927,0.19,0.54,1.7
15.928,0.12,0.57,1.59
15.928,0.05,0.6,1.5
15.929,-0.03,0.64,1.43
15.962,-0.1,0.68,1.37
15.963,-0.15,0.71,1.3
15.964,-0.2,0.73,1.22
15.965,-0.24,0.72,1.14
15.966,-0.28,0.7,1.06
15.966,-0.31,0.67,1
15.967,-0.33,0.64,0.94
15.968,-0.34,0.6,0.88
15.969,-0.35,0.56,0.83
15.974,-0.33,0.51,0.79
15.99,-0.3,0.44,0.74
15.991,-0.26,0.37,0.7
15.992,-0.21,0.3,0.64
16.031,-0.15,0.22,0.58
16.033,-0.08,0.13,0.52
16.034,-0.01,0.06,0.44
16.035,0.04,0.01,0.35
16.036,0.09,-0.01,0.24
16.037,0.11,-0.02,0.14
16.039,0.12,-0.03,0.04
16.04,0.1,-0.03,-0.06
16.041,0.08,-0.02,-0.15
16.042,0.06,-0.02,-0.23
16.043,0.04,-0.01,-0.32
16.069,0.01,0.02,-0.4
16.07,-0.02,0.08,-0.48
16.071,-0.05,0.12,-0.56
16.072,-0.08,0.15,-0.65
16.073,-0.12,0.17,-0.75
16.073,-0.16,0.21,-0.85
16.077,-0.21,0.27,-0.95
16.095,-0.26,0.33,-1.05
16.096,-0.31,0.39,-1.15
16.097,-0.35,0.46,-1.26
16.098,-0.37,0.52,-1.38
16.102,-0.39,0.57,-1.51
16.106,-0.4,0.61,-1.65
16.135,-0.39,0.66,-1.81
16.136,-0.38,0.71,-1.99
16.137,-0.36,0.76,-2.17
16.139,-0.34,0.78,-2.37
16.14,-0.33,0.8,-2.6
16.141,-0.33,0.81,-2.85
16.142,-0.35,0.81,-3.12
16.147,-0.39,0.81,-3.38
16.184,-0.43,0.81,-3.62
16.186,-0.46,0.79,-3.83
16.188,-0.49,0.79,-4.04
16.189,-0.5,0.82,-4.24
16.19,-0.52,0.86,-4.44
16.191,-0.53,0.93,-4.61
16.192,-0.52,1.01,-4.77
16.194,-0.5,1.15,-4.92
16.195,-0.45,1.32,-5.05
16.222,-0.36,1.48,-5.14
16.223,-0.23,1.63,-5.19
16.225,-0.06,1.76,-5.2
16.226,0.13,1.86,-5.19
16.227,0.34,1.92,-5.17
16.229,0.54,1.94,-5.13
16.23,0.73,1.93,-5.06
16.231,0.9,1.9,-4.94
16.249,1.07,1.79,-4.79
16.25,1.22,1.66,-4.65
16.251,1.35,1.54,-4.52
16.252,1.45,1.41,-4.4
16.265,1.52,1.28,-4.31
16.267,1.55,1.16,-4.22
16.269,1.57,1.06,-4.13
16.27,1.56,0.96,-4.01
16.298,1.54,0.89,-3.88
16.299,1.5,0.84,-3.75
16.3,1.44,0.82,-3.61
16.301,1.37,0.81,-3.46
16.302,1.28,0.8,-3.31
16.303,1.18,0.78,-3.14
16.305,1.08,0.75,-2.97
16.31,0.99,0.7,-2.78
16.365,0.9,0.61,-2.6
16.367,0.82,0.5,-2.43
16.368,0.73,0.35,-2.27
16.369,0.64,0.2,-2.11
16.371,0.54,0.04,-1.94
16.372,0.45,-0.12,-1.77
16.373,0.36,-0.27,-1.61
16.374,0.28,-0.39,-1.46
16.375,0.2,-0.46,-1.3
16.376,0.13,-0.49,-1.15
16.378,0.08,-0.46,-1
16.379,0.05,-0.41,-0.87
16.381,0.04,-0.34,-0.78
16.382,0.04,-0.26,-0.69
16.383,0.04,-0.19,-0.61
16.401,0.04,-0.14,-0.52
16.402,0.05,-0.13,-0.44
16.403,0.06,-0.14,-0.38
16.404,0.07,-0.16,-0.34
16.407,0.06,-0.18,-0.31
16.444,0.05,-0.18,-0.29
16.447,0.03,-0.19,-0.25
16.449,0.01,-0.19,-0.21
16.45,0,-0.18,-0.16
16.451,-0.02,-0.17,-0.11
16.452,-0.02,-0.16,-0.06
16.453,-0.03,-0.14,-0.02
16.454,-0.03,-0.12,0.02
16.455,-0.03,-0.1,0.05
16.456,-0.04,-0.07,0.08
16.461,-0.07,-0.04,0.11
16.484,-0.1,-0.01,0.14
16.485,-0.14,0.01,0.17
16.486,-0.17,0.02,0.19
16.488,-0.21,0.02,0.22
16.489,-0.23,0.02,0.24
16.49,-0.26,0.02,0.26
16.526,-0.27,0.01,0.28
16.528,-0.28,-0.01,0.29
16.529,-0.27,-0.04,0.31
16.53,-0.26,-0.07,0.32
16.531,-0.24,-0.08,0.33
16.532,-0.22,-0.08,0.33
16.533,-0.2,-0.08,0.34
16.534,-0.18,-0.07,0.34
16.535,-0.16,-0.05,0.34
16.549,-0.13,-0.04,0.34
16.55,-0.1,-0.02,0.34
16.551,-0.08,-0.01,0.35
16.554,-0.06,-0.01,0.36
16.559,-0.04,-0.01,0.38
16.592,-0.02,-0.02,0.4
16.593,-0.01,-0.02,0.43
16.594,-0.01,-0.03,0.45
16.596,-0.01,-0.04,0.49
16.597,-0.02,-0.05,0.52
16.598,-0.03,-0.06,0.57
16.6,-0.04,-0.06,0.62
16.601,-0.05,-0.06,0.68
16.625,-0.07,-0.05,0.75
16.627,-0.08,-0.05,0.81
16.628,-0.09,-0.04,0.89
16.629,-0.11,-0.03,0.98
16.63,-0.13,-0.03,1.08
16.632,-0.16,-0.03,1.19
16.66,-0.19,-0.04,1.3
16.663,-0.23,-0.05,1.43
16.665,-0.28,-0.08,1.58
16.666,-0.34,-0.11,1.76
16.667,-0.41,-0.13,1.95
16.668,-0.5,-0.16,2.15
16.669,-0.6,-0.19,2.33
16.67,-0.71,-0.21,2.49
16.698,-0.84,-0.21,2.66
16.699,-0.96,-0.21,2.82
16.7,-1.08,-0.23,3.01
16.701,-1.2,-0.28,3.22
16.702,-1.3,-0.34,3.44
16.703,-1.4,-0.41,3.67
16.704,-1.47,-0.43,3.91
16.708,-1.51,-0.46,4.15
16.726,-1.51,-0.5,4.37
16.728,-1.5,-0.52,4.54
16.729,-1.47,-0.49,4.65
16.73,-1.43,-0.4,4.69
16.773,-1.38,-0.24,4.68
16.774,-1.33,-0.04,4.63
16.776,-1.28,0.17,4.57
16.781,-1.25,0.36,4.5
16.782,-1.24,0.47,4.44
16.782,-1.26,0.5,4.39
16.783,-1.29,0.49,4.36
16.783,-1.32,0.44,4.34
16.784,-1.33,0.37,4.33
16.786,-1.32,0.29,4.32
16.79,-1.29,0.2,4.29
16.791,-1.23,0.08,4.24
16.792,-1.14,-0.05,4.17
16.813,-1.01,-0.18,4.07
16.815,-0.87,-0.33,3.95
16.816,-0.74,-0.46,3.8
16.817,-0.64,-0.54,3.67
16.819,-0.56,-0.58,3.55
16.821,-0.5,-0.61,3.45
16.826,-0.49,-0.6,3.33
16.845,-0.5,-0.55,3.22
16.848,-0.54,-0.47,3.11
16.849,-0.6,-0.37,3.03
16.851,-0.66,-0.24,2.97
16.852,-0.73,-0.07,2.92
16.855,-0.8,0.18,2.87
16.861,-0.84,0.49,2.84
16.883,-0.9,0.81,2.79
16.884,-0.95,1.1,2.72
16.885,-1.01,1.34,2.61
16.886,-1.07,1.47,2.43
16.888,-1.11,1.48,2.21
16.89,-1.11,1.41,1.97
16.895,-1.09,1.27,1.71
16.915,-1.04,1.09,1.47
16.916,-0.99,0.88,1.23
16.917,-0.95,0.68,1.03
16.918,-0.9,0.54,0.84
16.92,-0.83,0.47,0.67
16.924,-0.75,0.46,0.52
16.948,-0.67,0.46,0.38
16.95,-0.6,0.45,0.25
16.951,-0.54,0.4,0.1
16.952,-0.48,0.34,-0.04
16.952,-0.43,0.28,-0.18
16.953,-0.36,0.23,-0.3
16.959,-0.29,0.19,-0.41
16.976,-0.25,0.11,-0.53
16.978,-0.21,0.02,-0.62
16.979,-0.16,-0.07,-0.7
16.98,-0.1,-0.16,-0.75
17.016,-0.03,-0.23,-0.79
17.017,0.03,-0.29,-0.81
17.019,0.12,-0.32,-0.84
17.02,0.2,-0.35,-0.89
17.021,0.28,-0.38,-0.96
17.022,0.35,-0.41,-1.03
17.023,0.41,-0.45,-1.11
17.024,0.47,-0.51,-1.2
17.025,0.53,-0.58,-1.31
17.028,0.58,-0.67,-1.46
17.056,0.62,-0.77,-1.63
17.058,0.65,-0.85,-1.8
17.059,0.66,-0.93,-1.97
17.06,0.65,-0.99,-2.15
17.061,0.65,-1.06,-2.32
17.062,0.67,-1.13,-2.44
17.063,0.67,-1.17,-2.55
17.078,0.65,-1.14,-2.65
17.079,0.61,-1.07,-2.77
17.081,0.57,-0.98,-2.88
17.082,0.53,-0.89,-2.97
17.087,0.51,-0.81,-3.07
17.091,0.52,-0.76,-3.17
17.122,0.55,-0.74,-3.26
17.124,0.59,-0.74,-3.37
17.125,0.64,-0.75,-3.5
17.126,0.68,-0.76,-3.63
17.128,0.73,-0.77,-3.77
17.129,0.79,-0.76,-3.9
17.13,0.86,-0.71,-4.03
17.166,0.92,-0.61,-4.14
17.167,0.99,-0.47,-4.24
17.168,1.04,-0.26,-4.33
17.17,1.08,-0.05,-4.39
17.171,1.11,0.14,-4.42
17.172,1.14,0.31,-4.42
17.173,1.17,0.46,-4.4
17.173,1.22,0.59,-4.36
17.174,1.25,0.7,-4.29
17.175,1.3,0.79,-4.21
17.193,1.33,0.86,-4.12
17.194,1.36,0.9,-4.03
17.195,1.38,0.89,-3.94
17.196,1.39,0.83,-3.82
17.2,1.37,0.75,-3.67
17.204,1.34,0.66,-3.49
17.21,1.29,0.58,-3.29
17.236,1.23,0.5,-3.08
17.238,1.17,0.43,-2.86
17.239,1.1,0.33,-2.63
17.241,1.03,0.23,-2.4
17.242,0.97,0.13,-2.19
17.248,0.91,0.04,-1.99
17.249,0.87,-0.03,-1.8
17.25,0.82,-0.04,-1.61
17.29,0.77,0.01,-1.43
17.292,0.72,0.09,-1.25
17.294,0.67,0.19,-1.1
17.296,0.62,0.28,-0.98
17.298,0.57,0.35,-0.89
17.3,0.52,0.39,-0.81
17.301,0.46,0.41,-0.73
17.302,0.4,0.39,-0.64
17.303,0.34,0.34,-0.57
17.304,0.28,0.24,-0.49
17.305,0.23,0.12,-0.43
17.325,0.18,-0.01,-0.37
17.326,0.12,-0.14,-0.32
17.327,0.07,-0.26,-0.27
17.328,0.02,-0.36,-0.23
17.329,-0.04,-0.42,-0.2
17.394,-0.11,-0.46,-0.15
17.395,-0.17,-0.46,-0.09
17.396,-0.23,-0.44,-0.03
17.398,-0.26,-0.41,0.04
17.399,-0.27,-0.39,0.12
17.4,-0.26,-0.36,0.18
17.401,-0.22,-0.33,0.23
17.402,-0.18,-0.28,0.26
17.403,-0.14,-0.22,0.28
17.404,-0.1,-0.14,0.28
17.405,-0.07,-0.06,0.26
17.406,-0.04,0.01,0.25
17.407,-0.03,0.06,0.23
17.408,-0.02,0.09,0.23
17.41,-0.02,0.09,0.23
17.411,-0.03,0.1,0.24
17.412,-0.03,0.07,0.24
17.431,-0.05,0.03,0.24
17.432,-0.06,-0.02,0.24
17.433,-0.07,-0.08,0.23
17.435,-0.09,-0.12,0.22
17.436,-0.09,-0.15,0.21
17.441,-0.08,-0.16,0.19
17.448,-0.07,-0.14,0.18
17.465,-0.04,-0.1,0.16
17.466,-0.01,-0.05,0.15
17.467,0.03,0.01,0.16
17.469,0.08,0.08,0.17
17.47,0.13,0.14,0.18
17.476,0.19,0.18,0.18
17.504,0.25,0.21,0.19
17.505,0.31,0.23,0.2
17.507,0.37,0.22,0.21
17.508,0.43,0.2,0.21
17.509,0.47,0.17,0.21
17.51,0.5,0.12,0.21
17.511,0.52,0.05,0.21
17.544,0.53,-0.01,0.2
17.545,0.54,-0.06,0.2
17.546,0.54,-0.11,0.19
17.549,0.54,-0.15,0.18
17.55,0.53,-0.17,0.17
17.551,0.52,-0.2,0.16
17.551,0.5,-0.23,0.17
17.552,0.49,-0.27,0.16
17.586,0.45,-0.3,0.15
17.588,0.4,-0.33,0.14
17.589,0.35,-0.34,0.14
17.59,0.3,-0.34,0.14
17.591,0.24,-0.31,0.14
17.592,0.19,-0.26,0.13
17.593,0.14,-0.2,0.12
17.594,0.1,-0.14,0.13
17.594,0.08,-0.09,0.13
17.613,0.06,-0.04,0.14
17.614,0.03,0,0.15
17.615,0.01,0.04,0.15
17.616,-0.02,0.07,0.14
17.654,-0.06,0.07,0.14
17.655,-0.08,0.1,0.14
17.656,-0.09,0.15,0.14
17.657,-0.11,0.18,0.14
17.659,-0.12,0.19,0.12
17.66,-0.14,0.19,0.1
17.661,-0.14,0.17,0.09
17.662,-0.13,0.15,0.07
17.663,-0.11,0.15,0.05
17.664,-0.09,0.15,0.04
17.699,-0.08,0.13,0.02
17.7,-0.06,0.12,0.01
17.701,-0.05,0.09,0
17.703,-0.03,0.07,-0.01
17.704,-0.02,0.04,-0.01
17.704,-0.01,0.01,-0.01
17.705,0,-0.02,-0.01
17.706,-0.01,-0.06,-0.02
17.71,-0.02,-0.1,-0.03
17.714,-0.03,-0.13,-0.04
17.744,-0.04,-0.16,-0.05
17.745,-0.03,-0.17,-0.06
17.746,-0.03,-0.16,-0.07
17.752,-0.01,-0.13,-0.08
17.753,0.02,-0.08,-0.08
17.754,0.05,-0.03,-0.09
17.754,0.07,0.01,-0.1
17.755,0.09,0.05,-0.11
17.756,0.09,0.08,-0.12
17.772,0.1,0.09,-0.13
17.777,0.1,0.1,-0.13
17.778,0.09,0.1,-0.12
17.778,0.08,0.1,-0.1
17.782,0.07,0.1,-0.09
17.816,0.06,0.11,-0.07
17.818,0.06,0.1,-0.05
17.819,0.06,0.1,-0.03
17.82,0.07,0.09,-0.02
17.821,0.07,0.11,0
17.822,0.07,0.12,0.01
17.823,0.07,0.14,0.01
17.824,0.07,0.16,0.01
17.826,0.08,0.17,0.02
17.831,0.08,0.18,0.02
17.888,0.08,0.19,0.01
17.89,0.09,0.2,0
17.892,0.09,0.2,-0.01
17.893,0.1,0.21,-0.02
17.895,0.11,0.21,-0.02
17.896,0.12,0.23,-0.03
17.898,0.13,0.25,-0.05
17.9,0.14,0.28,-0.06
17.901,0.15,0.31,-0.07
17.903,0.16,0.34,-0.08
17.905,0.17,0.37,-0.09
17.908,0.18,0.39,-0.1
17.909,0.18,0.41,-0.11
17.91,0.19,0.41,-0.12
17.911,0.19,0.4,-0.13
17.912,0.18,0.4,-0.14
17.94,0.18,0.4,-0.16
17.941,0.17,0.4,-0.16
17.942,0.16,0.41,-0.17
17.943,0.15,0.42,-0.17
17.945,0.15,0.43,-0.17
17.946,0.14,0.42,-0.17
17.947,0.14,0.39,-0.18
17.985,0.13,0.34,-0.18
17.987,0.12,0.28,-0.18
17.988,0.11,0.24,-0.18
17.989,0.09,0.21,-0.17
17.99,0.08,0.19,-0.16
17.991,0.06,0.18,-0.14
17.992,0.06,0.18,-0.13
17.993,0.05,0.18,-0.13
17.995,0.06,0.19,-0.12
17.995,0.06,0.21,-0.11
17.997,0.07,0.23,-0.1
18.028,0.07,0.25,-0.09
18.03,0.08,0.28,-0.09
18.031,0.09,0.3,-0.09
18.033,0.1,0.3,-0.09
18.034,0.11,0.27,-0.09
18.035,0.12,0.24,-0.09
18.036,0.13,0.21,-0.09
18.038,0.13,0.19,-0.08
18.072,0.12,0.17,-0.08
18.074,0.11,0.15,-0.07
18.075,0.11,0.13,-0.07
18.076,0.09,0.13,-0.06
18.077,0.08,0.12,-0.06
18.078,0.07,0.12,-0.06
18.079,0.06,0.13,-0.06
18.08,0.06,0.15,-0.06
18.081,0.07,0.18,-0.05
18.107,0.08,0.22,-0.05
18.108,0.1,0.26,-0.05
18.109,0.11,0.29,-0.05
18.111,0.12,0.32,-0.05
18.112,0.13,0.34,-0.05
18.113,0.13,0.34,-0.05
18.142,0.12,0.34,-0.06
18.143,0.1,0.32,-0.06
18.144,0.07,0.3,-0.07
18.145,0.04,0.29,-0.06
18.147,0.02,0.29,-0.05
18.148,0,0.3,-0.04
18.149,-0.01,0.32,-0.02
18.179,0,0.31,0.01
18.18,0.03,0.27,0.03
18.181,0.08,0.19,0.05
18.182,0.12,0.15,0.05
18.183,0.15,0.12,0.07
18.184,0.16,0.08,0.08
18.185,0.17,0.04,0.09
18.185,0.17,0,0.1
18.199,0.17,-0.03,0.1
18.201,0.18,-0.04,0.09
18.202,0.18,-0.04,0.09
18.204,0.2,-0.01,0.08
18.21,0.21,0.03,0.07
18.214,0.24,0.07,0.06
18.242,0.25,0.1,0.05
18.248,0.26,0.15,0.05
18.249,0.27,0.2,0.06
18.25,0.27,0.24,0.06
18.251,0.26,0.29,0.07
18.252,0.25,0.32,0.07
18.253,0.24,0.35,0.08
18.254,0.22,0.38,0.08
18.29,0.2,0.41,0.08
18.292,0.17,0.45,0.07
18.293,0.15,0.5,0.08
18.294,0.12,0.56,0.08
18.294,0.09,0.63,0.07
18.295,0.07,0.7,0.06
18.296,0.06,0.74,0.05
18.297,0.05,0.78,0.05
18.322,0.04,0.8,0.04
18.323,0.03,0.81,0.04
18.325,0.01,0.81,0.03
18.327,-0.01,0.79,0.04
18.329,-0.04,0.76,0.04
18.33,-0.08,0.71,0.04
18.331,-0.13,0.66,0.05
18.363,-0.18,0.62,0.05
18.364,-0.22,0.61,0.06
18.366,-0.25,0.6,0.07
18.368,-0.27,0.6,0.08
18.369,-0.27,0.6,0.1
18.37,-0.27,0.62,0.11
18.372,-0.25,0.62,0.12
18.373,-0.22,0.61,0.14
18.374,-0.18,0.57,0.16
18.394,-0.12,0.5,0.17
18.395,-0.07,0.4,0.17
18.396,-0.02,0.3,0.16
18.398,0,0.21,0.16
18.399,0.02,0.13,0.15
18.432,0.03,0.06,0.14
18.433,0.03,0.01,0.13
18.435,0.03,-0.04,0.12
18.436,0.05,-0.08,0.1
18.437,0.06,-0.1,0.09
18.438,0.07,-0.12,0.07
18.438,0.09,-0.13,0.06
18.439,0.1,-0.13,0.05
18.464,0.11,-0.11,0.04
18.465,0.11,-0.09,0.04
18.467,0.12,-0.06,0.03
18.468,0.12,-0.02,0.04
18.469,0.13,0.02,0.05
18.47,0.14,0.04,0.06
18.471,0.14,0.06,0.06
18.485,0.14,0.06,0.06
18.486,0.15,0.06,0.06
18.487,0.15,0.07,0.07
18.49,0.15,0.1,0.07
18.495,0.16,0.13,0.06
18.517,0.17,0.16,0.07
18.519,0.18,0.16,0.07
18.52,0.19,0.15,0.05
18.521,0.2,0.14,0.03
18.522,0.21,0.1,0.01
18.525,0.25,-0.04,0.01
18.529,0.3,-0.19,0
18.549,0.3,-0.24,-0.01
18.551,0.27,-0.29,0
18.553,0.23,-0.34,0.01
18.554,0.18,-0.38,0.01
18.555,0.13,-0.4,0
18.572,0.08,-0.42,-0.01
18.573,0.03,-0.44,-0.01
18.575,-0.02,-0.45,-0.02
18.576,-0.09,-0.43,-0.02
18.579,-0.14,-0.4,-0.03
18.616,-0.19,-0.37,-0.03
18.616,-0.24,-0.32,-0.02
18.617,-0.27,-0.26,-0.01
18.618,-0.29,-0.18,0.01
18.62,-0.31,-0.1,0.03
18.621,-0.32,-0.02,0.06
18.621,-0.33,0.04,0.08
18.622,-0.34,0.1,0.11
18.624,-0.34,0.16,0.14
18.629,-0.33,0.2,0.16
18.633,-0.31,0.22,0.18
18.641,-0.28,0.24,0.2
18.647,-0.25,0.26,0.22
18.648,-0.22,0.27,0.24
18.679,-0.2,0.27,0.26
18.681,-0.17,0.27,0.27
18.682,-0.15,0.24,0.28
18.683,-0.12,0.19,0.28
18.685,-0.09,0.12,0.29
18.686,-0.06,0.04,0.29
18.686,-0.03,-0.05,0.28
18.69,0,-0.13,0.27
18.713,0.03,-0.2,0.26
18.714,0.05,-0.27,0.25
18.715,0.07,-0.33,0.23
18.715,0.08,-0.36,0.22
18.716,0.09,-0.38,0.19
18.722,0.09,-0.37,0.16
18.722,0.1,-0.35,0.14
18.736,0.1,-0.31,0.11
18.739,0.1,-0.28,0.09
18.741,0.1,-0.25,0.07
18.743,0.09,-0.23,0.05
18.746,0.08,-0.23,0.03
18.769,0.07,-0.24,0.02
18.77,0.05,-0.27,0.01
18.77,0.02,-0.3,0
18.771,-0.01,-0.33,0
18.773,-0.03,-0.36,0
18.775,-0.05,-0.37,0
18.78,-0.06,-0.36,0
18.818,-0.06,-0.35,0
18.82,-0.05,-0.33,-0.01
18.82,-0.05,-0.32,-0.01
18.821,-0.04,-0.33,-0.01
18.821,-0.04,-0.33,-0.01
18.822,-0.04,-0.33,-0.01
18.822,-0.04,-0.31,-0.01
18.822,-0.04,-0.27,0
18.826,-0.03,-0.22,0.01
18.831,-0.01,-0.18,0.01
18.834,0.01,-0.15,0.01
18.847,0.03,-0.13,0.01
18.849,0.07,-0.13,0
18.851,0.09,-0.13,0
18.881,0.12,-0.15,-0.01
18.882,0.14,-0.19,-0.02
18.884,0.15,-0.23,-0.03
18.886,0.15,-0.29,-0.04
18.887,0.14,-0.33,-0.05
18.888,0.12,-0.36,-0.06
18.892,0.1,-0.4,-0.07
18.892,0.07,-0.43,-0.07
18.92,0.04,-0.44,-0.07
18.921,0.01,-0.43,-0.06
18.921,-0.01,-0.4,-0.05
18.922,-0.02,-0.38,-0.04
18.923,-0.04,-0.36,-0.03
18.923,-0.04,-0.35,-0.03
18.924,-0.04,-0.33,-0.02
18.929,-0.04,-0.3,-0.02
18.934,-0.05,-0.27,-0.02
18.944,-0.06,-0.24,-0.02
18.945,-0.08,-0.22,-0.03
18.947,-0.09,-0.21,-0.03
18.981,-0.11,-0.21,-0.03
18.982,-0.13,-0.2,-0.04
18.986,-0.14,-0.19,-0.04
18.989,-0.15,-0.19,-0.05
18.99,-0.17,-0.19,-0.05
18.991,-0.18,-0.19,-0.05
18.992,-0.2,-0.2,-0.06
18.995,-0.23,-0.21,-0.06
18.995,-0.26,-0.22,-0.06
19.012,-0.29,-0.22,-0.06
19.013,-0.32,-0.2,-0.06
19.013,-0.34,-0.18,-0.07
19.014,-0.36,-0.15,-0.07
19.018,-0.37,-0.13,-0.08
19.03,-0.37,-0.11,-0.09
19.032,-0.37,-0.09,-0.1
19.033,-0.35,-0.06,-0.1
19.059,-0.33,-0.04,-0.1
19.06,-0.3,-0.02,-0.11
19.061,-0.27,-0.01,-0.1
19.062,-0.23,0.01,-0.1
19.063,-0.19,0.01,-0.1
19.064,-0.14,0,-0.1
19.068,-0.09,-0.02,-0.1
19.091,-0.04,-0.05,-0.1
19.092,-0.01,-0.07,-0.1
19.093,0.01,-0.11,-0.1
19.093,0.02,-0.15,-0.09
19.094,0.03,-0.18,-0.08
19.097,0.03,-0.18,-0.07
19.111,0.03,-0.17,-0.06
19.114,0.04,-0.15,-0.04
19.118,0.05,-0.12,-0.03
19.118,0.06,-0.1,-0.01
19.144,0.08,-0.07,0
19.145,0.09,-0.05,0.01
19.145,0.11,-0.03,0.02
19.146,0.11,-0.01,0.03
19.146,0.11,0.01,0.03
19.147,0.1,0.03,0.03
19.151,0.09,0.03,0.03
19.16,0.09,0.04,0.03
19.161,0.08,0.05,0.02
19.165,0.07,0.05,0.01
19.197,0.06,0.05,0
19.197,0.05,0.05,0
19.198,0.04,0.04,-0.01
19.198,0.03,0.03,-0.01
19.199,0.02,0.03,-0.01
19.199,0,0.03,0
19.199,-0.01,0.03,0.01
19.211,-0.02,0.02,0.01
19.223,-0.02,0,0.01
19.223,-0.03,-0.02,0.01
19.225,-0.04,-0.03,0.01
19.226,-0.04,-0.04,0.01
19.245,-0.05,-0.05,0.01
19.245,-0.06,-0.06,0
19.246,-0.06,-0.06,0
19.247,-0.06,-0.07,-0.01
19.249,-0.06,-0.07,-0.02
19.259,-0.05,-0.07,-0.03
19.26,-0.04,-0.08,-0.03
19.263,-0.02,-0.08,-0.04
19.32,-0.01,-0.09,-0.06
19.321,0,-0.1,-0.07
19.322,0.01,-0.1,-0.08
19.322,0.02,-0.1,-0.09
19.323,0.02,-0.1,-0.09
19.323,0.03,-0.09,-0.1
19.324,0.04,-0.08,-0.1
19.324,0.04,-0.07,-0.1
19.325,0.04,-0.05,-0.1
19.325,0.05,-0.04,-0.1
19.326,0.05,-0.02,-0.09
19.326,0.05,-0.02,-0.08
19.328,0.06,-0.02,-0.08
19.333,0.08,-0.02,-0.06
19.344,0.09,-0.03,-0.05
19.345,0.1,-0.04,-0.04
19.349,0.11,-0.05,-0.02
19.373,0.12,-0.04,-0.01
19.375,0.12,-0.02,0.01
19.376,0.12,0,0.02
19.377,0.12,0.02,0.04
19.379,0.11,0.03,0.05
19.38,0.1,0.03,0.06
19.383,0.1,0.02,0.07
19.403,0.1,0,0.07
19.404,0.09,0,0.07
19.404,0.08,-0.01,0.07
19.405,0.07,-0.02,0.07
19.406,0.06,-0.01,0.07
19.411,0.05,-0.01,0.07
19.417,0.04,0.02,0.07
19.426,0.01,0.19,0.09
19.428,0,0.34,0.12
19.433,0.03,0.34,0.13
19.46,0.09,0.26,0.1
19.461,0.15,0.16,0.07
19.461,0.19,0.08,0.05
19.462,0.22,0.01,0.05
19.462,0.22,-0.04,0.05
19.463,0.21,-0.1,0.04
19.466,0.2,-0.14,0.02
19.485,0.18,-0.16,0.01
19.488,0.16,-0.17,-0.01
19.488,0.14,-0.15,-0.02
19.489,0.12,-0.12,-0.03
19.498,0.11,-0.07,-0.03
19.501,0.1,-0.02,-0.04
19.503,0.09,0.01,-0.04
19.525,0.07,0.03,-0.03
19.525,0.05,0.03,-0.03
19.526,0.03,0.04,-0.02
19.526,0,0.04,-0.01
19.527,-0.03,0.04,0
19.535,-0.05,0.05,0.02
19.536,-0.07,0.06,0.02
